2;Die PARTEI;Berlin;53
4;FREIE WÃ„HLER;Rheinland-Pfalz;14
5;AfD;Niedersachsen;2
6;DIE VIOLETTEN;Bayern;20
7;BIG;Nordrhein-Westfalen;2
8;FREIE WÃ„HLER;Bayern;23
9;MLPD;Nordrhein-Westfalen;9
10;FDP;Sachsen-Anhalt;2
11;AfD;Hessen;1
12;RENTNER;Hamburg;8
16;NPD;Sachsen-Anhalt;6
18;NPD;Hamburg;3
22;DIE VIOLETTEN;Bayern;22
23;REP;Bayern;43
25;DIE LINKE;Hamburg;1
26;PIRATEN;Hamburg;7
27;DIE LINKE;Hessen;6
29;CDU;Niedersachsen;5
30;PIRATEN;ThÃ_ringen;4
31;VERNUNFT;Nordrhein-Westfalen;4
33;DIE VIOLETTEN;Bayern;12
34;VERNUNFT;Nordrhein-Westfalen;12
35;AfD;Hessen;18
36;CSU;Bayern;30
37;PIRATEN;Baden-WÃ_rttemberg;11
40;DIE LINKE;Bremen;1
41;BIG;Baden-WÃ_rttemberg;5
42;FREIE WÃ„HLER;Rheinland-Pfalz;4
43;FDP;Baden-WÃ_rttemberg;19
44;FDP;Saarland;8
45;PIRATEN;Hamburg;2
46;CDU;Saarland;1
47;FREIE WÃ„HLER;Bayern;35
48;SPD;Hessen;29
49;BP;Bayern;15
50;Ã–DP;Rheinland-Pfalz;20
51;VERNUNFT;Bayern;7
52;NPD;Saarland;5
53;GRÃœNE;Schleswig-Holstein;1
54;pro Deutschland;Brandenburg;3
55;GRÃœNE;Baden-WÃ_rttemberg;1
56;NPD;Mecklenburg-Vorpommern;2
57;DIE VIOLETTEN;Bayern;26
58;DIE VIOLETTEN;Bayern;5
59;AfD;Rheinland-Pfalz;12
60;SPD;Hamburg;4
61;GRÃœNE;Bayern;21
62;CDU;Saarland;9
63;VERNUNFT;Baden-WÃ_rttemberg;5
65;BÃ_So;Hessen;6
66;NPD;Sachsen;1
68;SPD;Niedersachsen;32
69;NPD;Mecklenburg-Vorpommern;7
70;PSG;Hessen;1
71;SPD;Rheinland-Pfalz;17
74;FREIE WÃ„HLER;Rheinland-Pfalz;8
75;PIRATEN;Bayern;20
76;SPD;Nordrhein-Westfalen;6
77;MLPD;Bayern;12
78;PIRATEN;Nordrhein-Westfalen;21
79;SPD;Baden-WÃ_rttemberg;5
81;DIE LINKE;Hamburg;5
82;SPD;Saarland;6
83;FDP;Schleswig-Holstein;5
84;GRÃœNE;Schleswig-Holstein;8
85;Die PARTEI;Hessen;16
86;AfD;Nordrhein-Westfalen;21
88;CSU;Bayern;34
89;Die PARTEI;Berlin;10
91;Volksabstimmung;Nordrhein-Westfalen;3
92;MLPD;Saarland;4
93;GRÃœNE;Bayern;30
94;GRÃœNE;Nordrhein-Westfalen;36
96;Ã–DP;Nordrhein-Westfalen;10
98;AfD;Hessen;15
100;PIRATEN;Sachsen;5
101;NPD;Rheinland-Pfalz;3
102;FREIE WÃ„HLER;Bayern;24
103;SPD;Bayern;32
104;DIE LINKE;ThÃ_ringen;9
105;SPD;Bayern;34
106;CDU;Hessen;46
107;FDP;Berlin;8
108;MLPD;Hamburg;2
109;SPD;Niedersachsen;53
110;GRÃœNE;Bayern;13
111;FREIE WÃ„HLER;Baden-WÃ_rttemberg;2
112;FREIE WÃ„HLER;Brandenburg;5
113;SPD;Nordrhein-Westfalen;36
114;SPD;Baden-WÃ_rttemberg;16
115;CSU;Bayern;6
116;GRÃœNE;Bayern;14
117;GRÃœNE;Brandenburg;1
119;PIRATEN;Niedersachsen;15
120;DIE LINKE;Nordrhein-Westfalen;19
121;SPD;Rheinland-Pfalz;3
122;MLPD;Baden-WÃ_rttemberg;11
123;NPD;ThÃ_ringen;6
125;FDP;Nordrhein-Westfalen;2
126;SPD;Bayern;16
127;REP;Nordrhein-Westfalen;5
129;BIG;Baden-WÃ_rttemberg;8
130;RENTNER;Hamburg;3
131;RENTNER;Hamburg;2
132;MLPD;Hamburg;3
133;Ã–DP;Rheinland-Pfalz;24
134;AfD;Nordrhein-Westfalen;2
136;FREIE WÃ„HLER;Baden-WÃ_rttemberg;25
137;FDP;Hamburg;10
138;FREIE WÃ„HLER;Mecklenburg-Vorpommern;7
141;SPD;Bayern;41
142;Die PARTEI;Berlin;1
143;BIG;Nordrhein-Westfalen;11
144;SPD;Niedersachsen;19
147;PIRATEN;Nordrhein-Westfalen;8
148;MLPD;Bayern;11
149;REP;Bayern;46
150;SPD;Rheinland-Pfalz;7
151;SPD;Rheinland-Pfalz;5
152;FDP;Bayern;13
153;SPD;Schleswig-Holstein;7
154;FDP;Mecklenburg-Vorpommern;4
155;DIE LINKE;Bremen;5
156;CDU;Baden-WÃ_rttemberg;44
157;SPD;Bayern;5
159;MLPD;Rheinland-Pfalz;3
161;SPD;Bayern;45
162;SPD;Hessen;7
163;DIE LINKE;Mecklenburg-Vorpommern;1
164;PIRATEN;Baden-WÃ_rttemberg;13
166;CSU;Bayern;39
167;AfD;Hessen;16
168;GRÃœNE;Baden-WÃ_rttemberg;37
169;SPD;Nordrhein-Westfalen;30
170;AfD;Rheinland-Pfalz;4
171;FREIE WÃ„HLER;Niedersachsen;2
172;PIRATEN;Mecklenburg-Vorpommern;3
173;PSG;Berlin;4
174;AfD;Schleswig-Holstein;15
175;NPD;Sachsen-Anhalt;3
176;REP;Bayern;36
177;SPD;Baden-WÃ_rttemberg;36
178;Die PARTEI;Berlin;3
179;Volksabstimmung;Baden-WÃ_rttemberg;4
180;PIRATEN;Hessen;8
181;MLPD;Bayern;7
182;REP;Berlin;2
183;PIRATEN;Bremen;3
184;BP;Bayern;10
187;DIE VIOLETTEN;Bayern;35
190;FDP;Hessen;15
191;AfD;Hessen;11
192;CDU;Berlin;11
195;CDU;Baden-WÃ_rttemberg;21
196;Ã–DP;Baden-WÃ_rttemberg;4
197;NPD;Sachsen;4
198;GRÃœNE;Baden-WÃ_rttemberg;14
199;MLPD;Hamburg;5
201;CSU;Bayern;68
202;Ã–DP;Rheinland-Pfalz;23
203;Ã–DP;Rheinland-Pfalz;21
204;GRÃœNE;Nordrhein-Westfalen;35
205;GRÃœNE;Bremen;1
206;FDP;Rheinland-Pfalz;24
207;GRÃœNE;Nordrhein-Westfalen;2
209;SPD;Rheinland-Pfalz;31
212;Ã–DP;Bayern;7
213;AfD;Hessen;17
214;Ã–DP;Hamburg;2
215;Die PARTEI;Nordrhein-Westfalen;17
216;REP;Rheinland-Pfalz;9
217;Die PARTEI;Nordrhein-Westfalen;15
218;MLPD;Mecklenburg-Vorpommern;4
219;Die PARTEI;Hessen;10
221;SPD;Bremen;3
222;CDU;Niedersachsen;25
224;FDP;Niedersachsen;21
225;PBC;Niedersachsen;8
226;AfD;Nordrhein-Westfalen;6
227;Ã–DP;Hamburg;1
228;AfD;Berlin;3
229;GRÃœNE;Baden-WÃ_rttemberg;38
230;DIE LINKE;Niedersachsen;4
231;CDU;Sachsen-Anhalt;4
234;NPD;Brandenburg;1
235;PIRATEN;ThÃ_ringen;5
236;FREIE WÃ„HLER;Baden-WÃ_rttemberg;24
237;Ã–DP;Nordrhein-Westfalen;15
238;pro Deutschland;Saarland;3
239;CDU;Sachsen;7
240;NPD;Mecklenburg-Vorpommern;9
242;GRÃœNE;Baden-WÃ_rttemberg;11
243;SPD;Baden-WÃ_rttemberg;39
244;GRÃœNE;Nordrhein-Westfalen;29
246;Die PARTEI;Nordrhein-Westfalen;1
247;Die PARTEI;Hamburg;15
248;CDU;Baden-WÃ_rttemberg;52
249;Die PARTEI;Nordrhein-Westfalen;11
250;FREIE WÃ„HLER;Baden-WÃ_rttemberg;17
252;CDU;Nordrhein-Westfalen;31
254;pro Deutschland;Hessen;5
255;CDU;Rheinland-Pfalz;39
256;AfD;Nordrhein-Westfalen;33
257;Die PARTEI;Bremen;7
258;CDU;Rheinland-Pfalz;34
261;AfD;Berlin;5
262;AfD;Baden-WÃ_rttemberg;9
263;FREIE WÃ„HLER;Hessen;13
264;FDP;Baden-WÃ_rttemberg;28
265;GRÃœNE;Schleswig-Holstein;9
266;CDU;Niedersachsen;21
267;PIRATEN;Baden-WÃ_rttemberg;24
268;Ã–DP;Baden-WÃ_rttemberg;16
269;CDU;Sachsen-Anhalt;2
271;FDP;Berlin;5
272;GRÃœNE;Niedersachsen;17
273;PIRATEN;Hessen;1
274;FDP;Rheinland-Pfalz;16
275;PIRATEN;Niedersachsen;7
277;FREIE WÃ„HLER;Nordrhein-Westfalen;3
278;FDP;Hessen;11
279;FDP;Niedersachsen;4
280;GRÃœNE;Hessen;9
281;REP;Rheinland-Pfalz;4
284;Die PARTEI;Berlin;45
285;FREIE WÃ„HLER;ThÃ_ringen;5
286;REP;Bayern;13
289;AfD;Nordrhein-Westfalen;35
292;DIE LINKE;Schleswig-Holstein;10
294;FREIE WÃ„HLER;Bayern;42
295;PIRATEN;Niedersachsen;9
296;CDU;Nordrhein-Westfalen;51
298;CDU;Baden-WÃ_rttemberg;7
299;FDP;Baden-WÃ_rttemberg;25
301;AfD;Niedersachsen;15
302;PIRATEN;Baden-WÃ_rttemberg;19
303;GRÃœNE;Hamburg;4
304;AfD;Rheinland-Pfalz;6
305;SPD;Brandenburg;12
306;CDU;Rheinland-Pfalz;37
307;CSU;Bayern;45
309;DIE FRAUEN;Bayern;5
310;DIE LINKE;Baden-WÃ_rttemberg;3
311;Ã–DP;ThÃ_ringen;12
312;Ã–DP;Bayern;8
313;SPD;Rheinland-Pfalz;15
314;SPD;Baden-WÃ_rttemberg;7
315;Ã–DP;Bayern;9
318;BÃ_So;Baden-WÃ_rttemberg;9
319;Die PARTEI;Berlin;38
320;DIE LINKE;Nordrhein-Westfalen;2
321;SPD;Rheinland-Pfalz;33
322;SPD;Niedersachsen;60
324;GRÃœNE;Sachsen-Anhalt;2
325;FDP;Nordrhein-Westfalen;34
326;MLPD;Nordrhein-Westfalen;14
328;BÃ_ndnis21/RRP;Bayern;3
329;BÃ_ndnis21/RRP;Bayern;5
332;FREIE WÃ„HLER;Bayern;37
333;CDU;Rheinland-Pfalz;2
334;AfD;Nordrhein-Westfalen;18
335;SPD;Nordrhein-Westfalen;29
336;VERNUNFT;Bayern;2
337;VERNUNFT;Bayern;20
339;SPD;Sachsen;15
340;DIE LINKE;Mecklenburg-Vorpommern;2
342;FDP;Schleswig-Holstein;3
343;SPD;ThÃ_ringen;7
345;Tierschutzpartei;Baden-WÃ_rttemberg;1
346;PIRATEN;Bayern;2
347;AfD;Brandenburg;6
348;DIE LINKE;Mecklenburg-Vorpommern;4
349;Ã–DP;Rheinland-Pfalz;26
354;DIE LINKE;Hamburg;2
355;FDP;Nordrhein-Westfalen;13
356;pro Deutschland;Mecklenburg-Vorpommern;4
357;PIRATEN;Bayern;26
358;FREIE WÃ„HLER;ThÃ_ringen;3
359;FDP;Sachsen;10
361;CDU;Rheinland-Pfalz;1
362;FREIE WÃ„HLER;Mecklenburg-Vorpommern;3
363;CDU;Schleswig-Holstein;17
365;PBC;Niedersachsen;7
367;Ã–DP;Berlin;4
368;SPD;Sachsen-Anhalt;6
370;PIRATEN;Hamburg;8
372;Ã–DP;ThÃ_ringen;6
373;BÃ_So;Nordrhein-Westfalen;7
374;AfD;Sachsen;3
375;SPD;Rheinland-Pfalz;20
378;AfD;Sachsen-Anhalt;2
379;PBC;Niedersachsen;5
380;FREIE WÃ„HLER;Sachsen-Anhalt;1
381;Ã–DP;Baden-WÃ_rttemberg;26
382;PIRATEN;Sachsen;4
384;AfD;Bayern;20
386;REP;Niedersachsen;1
388;BÃ_ndnis21/RRP;Bayern;6
390;Ã–DP;Nordrhein-Westfalen;18
392;FREIE WÃ„HLER;ThÃ_ringen;7
393;AfD;Niedersachsen;11
394;FDP;ThÃ_ringen;6
395;DIE RECHTE;Nordrhein-Westfalen;5
396;MLPD;Schleswig-Holstein;5
397;SPD;Baden-WÃ_rttemberg;25
400;NPD;Niedersachsen;2
402;CDU;Nordrhein-Westfalen;7
404;FREIE WÃ„HLER;Baden-WÃ_rttemberg;1
405;CDU;Baden-WÃ_rttemberg;47
407;GRÃœNE;ThÃ_ringen;7
409;AfD;Nordrhein-Westfalen;9
410;BIG;Nordrhein-Westfalen;6
412;PIRATEN;Rheinland-Pfalz;12
415;CDU;Schleswig-Holstein;9
416;CDU;Sachsen;20
417;CDU;Sachsen;6
418;FREIE WÃ„HLER;ThÃ_ringen;8
419;FREIE WÃ„HLER;Hessen;6
420;AfD;Bayern;32
421;CDU;Hessen;16
422;FDP;Baden-WÃ_rttemberg;11
423;CDU;Hessen;36
424;AfD;Sachsen;5
425;AfD;Sachsen-Anhalt;7
426;FDP;Bayern;36
428;Volksabstimmung;Baden-WÃ_rttemberg;5
430;CDU;Nordrhein-Westfalen;23
431;CDU;Saarland;18
432;DIE LINKE;Nordrhein-Westfalen;23
434;GRÃœNE;Baden-WÃ_rttemberg;9
435;SPD;Nordrhein-Westfalen;3
436;PIRATEN;Sachsen;7
438;FDP;Baden-WÃ_rttemberg;17
439;AfD;Sachsen-Anhalt;11
440;CDU;Nordrhein-Westfalen;13
441;CDU;Sachsen;15
443;CDU;Hessen;7
444;DIE LINKE;Bayern;9
448;Die PARTEI;Berlin;44
449;Die PARTEI;Nordrhein-Westfalen;53
452;CDU;Sachsen-Anhalt;1
453;FDP;Bayern;11
454;PIRATEN;Sachsen-Anhalt;4
455;FDP;Nordrhein-Westfalen;38
457;AfD;Baden-WÃ_rttemberg;7
460;FDP;Sachsen;13
462;Die PARTEI;Berlin;52
463;GRÃœNE;Mecklenburg-Vorpommern;4
464;CDU;Nordrhein-Westfalen;41
465;FREIE WÃ„HLER;ThÃ_ringen;12
466;CDU;Rheinland-Pfalz;26
468;Volksabstimmung;Nordrhein-Westfalen;11
469;PIRATEN;Bayern;8
470;PIRATEN;Bayern;17
472;FDP;Schleswig-Holstein;12
473;SPD;Niedersachsen;55
474;BÃ_So;Sachsen;7
476;AfD;Berlin;4
477;NPD;Brandenburg;5
478;DIE RECHTE;Nordrhein-Westfalen;3
479;PIRATEN;Nordrhein-Westfalen;11
480;PIRATEN;Brandenburg;3
481;FDP;Rheinland-Pfalz;2
482;AfD;Bayern;9
483;Die PARTEI;Nordrhein-Westfalen;14
484;PIRATEN;Rheinland-Pfalz;3
485;GRÃœNE;Baden-WÃ_rttemberg;5
486;CDU;Baden-WÃ_rttemberg;41
487;FDP;Niedersachsen;3
488;SPD;Niedersachsen;37
489;SPD;Bayern;21
490;SPD;Bayern;46
491;REP;Bayern;41
492;GRÃœNE;Hessen;11
493;DIE LINKE;Nordrhein-Westfalen;12
494;DIE VIOLETTEN;Bayern;23
495;CDU;Berlin;14
497;DIE LINKE;Hessen;3
498;FDP;Hessen;18
499;SPD;Berlin;12
500;FDP;Schleswig-Holstein;2
501;BÃ_So;Berlin;4
503;MLPD;Rheinland-Pfalz;2
504;MLPD;Baden-WÃ_rttemberg;5
505;NPD;Bremen;3
509;Die PARTEI;Nordrhein-Westfalen;33
510;REP;Baden-WÃ_rttemberg;18
511;FREIE WÃ„HLER;Baden-WÃ_rttemberg;18
514;PIRATEN;Hamburg;4
515;DIE LINKE;Rheinland-Pfalz;4
516;SPD;Nordrhein-Westfalen;38
520;FREIE WÃ„HLER;Bremen;1
521;GRÃœNE;Sachsen;11
522;RENTNER;Baden-WÃ_rttemberg;3
523;SPD;Bremen;4
527;BIG;Berlin;4
528;CDU;Bremen;5
529;MLPD;Nordrhein-Westfalen;6
530;REP;Baden-WÃ_rttemberg;7
531;DIE LINKE;Bayern;2
532;PIRATEN;Bremen;2
533;SPD;Niedersachsen;26
534;MLPD;Brandenburg;3
535;GRÃœNE;Saarland;9
536;DIE LINKE;Mecklenburg-Vorpommern;5
537;CDU;Mecklenburg-Vorpommern;8
538;CDU;Baden-WÃ_rttemberg;28
539;SPD;Bayern;48
540;AfD;Nordrhein-Westfalen;3
541;SPD;Bayern;3
542;REP;Rheinland-Pfalz;6
543;PIRATEN;Schleswig-Holstein;6
545;NichtwÃ_hler;Nordrhein-Westfalen;4
547;FDP;Nordrhein-Westfalen;8
548;Die PARTEI;Berlin;40
549;FREIE WÃ„HLER;Baden-WÃ_rttemberg;15
550;Die PARTEI;Berlin;36
551;SPD;Berlin;9
552;AfD;Bayern;17
553;CDU;Nordrhein-Westfalen;17
554;GRÃœNE;Schleswig-Holstein;6
555;SPD;Baden-WÃ_rttemberg;33
556;BIG;Berlin;5
560;SPD;Hamburg;6
561;SPD;Baden-WÃ_rttemberg;13
562;VERNUNFT;Nordrhein-Westfalen;2
564;AfD;Rheinland-Pfalz;27
565;BP;Bayern;6
567;pro Deutschland;Rheinland-Pfalz;2
568;Ã–DP;Berlin;3
569;FREIE WÃ„HLER;Berlin;1
570;CDU;Rheinland-Pfalz;22
571;DIE LINKE;Berlin;7
573;PIRATEN;Baden-WÃ_rttemberg;21
576;AfD;Bayern;40
577;FREIE WÃ„HLER;Mecklenburg-Vorpommern;1
578;DIE LINKE;Sachsen-Anhalt;4
579;CDU;Schleswig-Holstein;15
581;PIRATEN;Baden-WÃ_rttemberg;9
582;FREIE WÃ„HLER;Hamburg;3
583;CDU;Niedersachsen;8
584;MLPD;Baden-WÃ_rttemberg;6
585;AfD;Berlin;7
586;Volksabstimmung;Nordrhein-Westfalen;6
587;VERNUNFT;Rheinland-Pfalz;5
588;SPD;Nordrhein-Westfalen;35
589;GRÃœNE;Niedersachsen;7
590;NPD;Nordrhein-Westfalen;1
591;SPD;Nordrhein-Westfalen;4
592;BP;Bayern;12
595;DIE LINKE;Nordrhein-Westfalen;5
596;pro Deutschland;Baden-WÃ_rttemberg;1
598;Die PARTEI;Nordrhein-Westfalen;45
599;AfD;Nordrhein-Westfalen;44
600;FDP;Nordrhein-Westfalen;19
601;GRÃœNE;Nordrhein-Westfalen;14
602;SPD;Nordrhein-Westfalen;17
603;Die PARTEI;Berlin;17
605;SPD;Hamburg;3
607;FDP;Nordrhein-Westfalen;18
608;AfD;Rheinland-Pfalz;20
609;CDU;Niedersachsen;37
610;CSU;Bayern;44
612;GRÃœNE;Mecklenburg-Vorpommern;9
613;Die PARTEI;Hamburg;11
615;GRÃœNE;ThÃ_ringen;5
616;GRÃœNE;Nordrhein-Westfalen;21
617;GRÃœNE;Baden-WÃ_rttemberg;22
618;FDP;Niedersachsen;11
619;Die PARTEI;Nordrhein-Westfalen;42
620;Ã–DP;Rheinland-Pfalz;5
621;AfD;ThÃ_ringen;7
622;GRÃœNE;Nordrhein-Westfalen;28
623;FREIE WÃ„HLER;Bayern;26
625;SPD;Niedersachsen;35
627;DIE LINKE;Niedersachsen;1
629;PIRATEN;Sachsen;6
630;FDP;Baden-WÃ_rttemberg;37
633;GRÃœNE;Bayern;3
634;BIG;Baden-WÃ_rttemberg;4
635;GRÃœNE;Bayern;45
636;GRÃœNE;Schleswig-Holstein;12
637;BP;Bayern;7
638;CDU;Rheinland-Pfalz;33
640;AfD;Bayern;31
641;SPD;Schleswig-Holstein;13
642;GRÃœNE;Bayern;38
643;FREIE WÃ„HLER;Mecklenburg-Vorpommern;5
644;SPD;Niedersachsen;54
645;REP;Baden-WÃ_rttemberg;1
646;MLPD;Niedersachsen;3
648;FDP;Sachsen;4
651;SPD;Sachsen-Anhalt;3
652;SPD;Saarland;14
653;FDP;Hamburg;7
654;Ã–DP;Baden-WÃ_rttemberg;11
655;AfD;Hessen;12
657;Die PARTEI;Berlin;37
660;DIE LINKE;Bayern;7
661;FDP;Rheinland-Pfalz;23
665;NPD;Sachsen-Anhalt;9
666;SPD;Hessen;24
667;AfD;Nordrhein-Westfalen;1
668;CDU;Saarland;7
669;FDP;Bayern;17
670;CDU;Schleswig-Holstein;3
671;BIG;Baden-WÃ_rttemberg;1
674;pro Deutschland;Bayern;5
675;SPD;Bayern;12
676;Die PARTEI;Berlin;21
678;FDP;Nordrhein-Westfalen;7
679;CSU;Bayern;4
680;Ã–DP;Nordrhein-Westfalen;21
681;SPD;Hamburg;11
682;REP;Berlin;5
683;BÃ_ndnis21/RRP;Nordrhein-Westfalen;5
684;Die PARTEI;Berlin;42
686;FDP;Hessen;10
687;FDP;Niedersachsen;2
688;Ã–DP;ThÃ_ringen;13
689;Ã–DP;ThÃ_ringen;18
690;NPD;Hamburg;6
691;SPD;Nordrhein-Westfalen;61
692;AfD;Bayern;26
693;GRÃœNE;Nordrhein-Westfalen;5
696;Ã–DP;Nordrhein-Westfalen;9
697;CDU;Nordrhein-Westfalen;9
699;GRÃœNE;Bremen;2
700;AfD;Sachsen-Anhalt;4
701;Ã–DP;Nordrhein-Westfalen;17
702;Die PARTEI;Berlin;27
703;FDP;Mecklenburg-Vorpommern;2
704;PIRATEN;Brandenburg;2
708;AfD;Niedersachsen;6
710;PIRATEN;Berlin;6
711;SPD;ThÃ_ringen;9
712;FREIE WÃ„HLER;Bayern;2
713;PIRATEN;Sachsen-Anhalt;5
715;GRÃœNE;Bayern;15
716;DIE LINKE;Nordrhein-Westfalen;25
717;REP;Bayern;5
720;DIE LINKE;Baden-WÃ_rttemberg;10
721;FDP;ThÃ_ringen;3
722;Volksabstimmung;Baden-WÃ_rttemberg;1
723;PIRATEN;Hessen;3
724;FREIE WÃ„HLER;Hessen;8
726;BÃ_ndnis21/RRP;Bremen;1
727;FREIE WÃ„HLER;Bayern;6
728;REP;Brandenburg;4
729;AfD;Bayern;34
730;SPD;Baden-WÃ_rttemberg;8
731;GRÃœNE;Nordrhein-Westfalen;9
732;Die PARTEI;Berlin;48
733;CDU;Rheinland-Pfalz;24
734;BÃ_So;Berlin;8
735;FREIE WÃ„HLER;Baden-WÃ_rttemberg;16
736;PIRATEN;Hamburg;6
737;REP;Bayern;45
738;SPD;Bayern;26
739;MLPD;Bayern;5
740;MLPD;Bayern;1
741;BIG;Berlin;10
743;MLPD;Schleswig-Holstein;4
744;FDP;Hamburg;2
745;PIRATEN;Baden-WÃ_rttemberg;26
747;pro Deutschland;Niedersachsen;3
748;FDP;Schleswig-Holstein;7
749;CSU;Bayern;41
750;FDP;Sachsen-Anhalt;5
751;VERNUNFT;Bayern;3
752;GRÃœNE;Baden-WÃ_rttemberg;8
753;Tierschutzpartei;Baden-WÃ_rttemberg;3
755;AfD;Nordrhein-Westfalen;16
757;CDU;Nordrhein-Westfalen;47
758;SPD;Bayern;50
759;BP;Bayern;13
760;GRÃœNE;Bayern;44
761;SPD;Hessen;42
762;Tierschutzpartei;Schleswig-Holstein;2
763;DIE VIOLETTEN;Bayern;21
765;SPD;Niedersachsen;17
766;DIE LINKE;Baden-WÃ_rttemberg;12
770;SPD;Hamburg;2
771;DIE LINKE;Hessen;8
772;DIE LINKE;Bayern;14
773;FDP;Nordrhein-Westfalen;12
774;Ã–DP;Bayern;10
776;AfD;Schleswig-Holstein;10
777;SPD;Nordrhein-Westfalen;50
778;Ã–DP;Rheinland-Pfalz;19
779;Ã–DP;Rheinland-Pfalz;17
780;AfD;Bayern;4
781;FDP;Saarland;4
782;FREIE WÃ„HLER;Rheinland-Pfalz;5
783;MLPD;Nordrhein-Westfalen;5
784;FDP;Nordrhein-Westfalen;30
785;Die PARTEI;Nordrhein-Westfalen;47
786;MLPD;ThÃ_ringen;1
787;MLPD;ThÃ_ringen;3
788;NPD;Niedersachsen;1
789;NPD;Bremen;5
790;BÃ_So;Nordrhein-Westfalen;6
791;pro Deutschland;Rheinland-Pfalz;5
792;AfD;Bayern;12
793;SPD;Rheinland-Pfalz;26
794;FREIE WÃ„HLER;Brandenburg;2
795;CDU;Saarland;8
796;BIG;Nordrhein-Westfalen;4
797;AfD;Hessen;8
798;AfD;Schleswig-Holstein;5
799;CDU;ThÃ_ringen;14
802;GRÃœNE;ThÃ_ringen;4
803;FREIE WÃ„HLER;Bayern;28
804;BÃ_ndnis21/RRP;Bremen;3
805;BP;Bayern;16
806;FREIE WÃ„HLER;Berlin;2
807;FREIE WÃ„HLER;Bayern;3
809;GRÃœNE;Rheinland-Pfalz;11
810;MLPD;Nordrhein-Westfalen;1
812;GRÃœNE;Saarland;8
813;RENTNER;Hamburg;4
814;SPD;Nordrhein-Westfalen;18
815;Tierschutzpartei;Bayern;2
816;GRÃœNE;Bayern;31
818;GRÃœNE;ThÃ_ringen;3
819;FDP;Bayern;7
821;SPD;Bayern;39
822;Die PARTEI;Berlin;22
823;GRÃœNE;Baden-WÃ_rttemberg;21
824;DIE LINKE;Bremen;6
825;SPD;Baden-WÃ_rttemberg;1
828;PIRATEN;Bayern;19
829;DIE LINKE;Bayern;1
830;CDU;Rheinland-Pfalz;28
831;SPD;Bayern;10
832;FREIE WÃ„HLER;Hessen;1
833;FREIE WÃ„HLER;Bayern;29
835;REP;Bayern;31
836;GRÃœNE;Bayern;25
837;SPD;Baden-WÃ_rttemberg;18
838;AfD;Nordrhein-Westfalen;20
839;SPD;Niedersachsen;46
841;FREIE WÃ„HLER;Sachsen;10
843;SPD;Niedersachsen;18
845;NPD;Bayern;10
846;CDU;Hessen;44
847;CSU;Bayern;37
848;BÃ_So;Bayern;5
851;FDP;Nordrhein-Westfalen;41
852;FREIE WÃ„HLER;Baden-WÃ_rttemberg;26
853;BÃ_So;Nordrhein-Westfalen;3
854;BÃ_So;Nordrhein-Westfalen;8
856;SPD;Hessen;27
857;PIRATEN;Hamburg;5
860;AfD;Niedersachsen;14
861;SPD;Baden-WÃ_rttemberg;19
862;GRÃœNE;Hamburg;3
863;DIE LINKE;Schleswig-Holstein;3
864;GRÃœNE;Sachsen;8
865;FDP;Hessen;27
866;FREIE WÃ„HLER;Rheinland-Pfalz;13
867;CDU;Brandenburg;6
868;MLPD;Bremen;4
869;AfD;Baden-WÃ_rttemberg;5
870;CDU;Sachsen;9
871;AfD;Niedersachsen;19
872;SPD;Berlin;6
873;GRÃœNE;Mecklenburg-Vorpommern;6
874;FDP;Niedersachsen;22
875;GRÃœNE;Bayern;12
876;BÃ_So;Nordrhein-Westfalen;5
877;AfD;Nordrhein-Westfalen;22
878;AfD;Sachsen-Anhalt;15
879;Ã–DP;Bayern;11
880;Volksabstimmung;Baden-WÃ_rttemberg;6
881;CDU;Niedersachsen;3
882;AfD;Nordrhein-Westfalen;43
883;SPD;Saarland;1
884;REP;ThÃ_ringen;5
885;REP;ThÃ_ringen;2
887;AfD;Baden-WÃ_rttemberg;8
888;GRÃœNE;Mecklenburg-Vorpommern;7
889;FDP;ThÃ_ringen;7
891;FDP;Baden-WÃ_rttemberg;13
892;BÃ_So;Hessen;2
893;SPD;Berlin;7
894;PIRATEN;Saarland;1
895;GRÃœNE;Niedersachsen;14
896;SPD;Hessen;33
897;CDU;Nordrhein-Westfalen;3
898;GRÃœNE;Bayern;35
901;Ã–DP;Baden-WÃ_rttemberg;19
902;CDU;Hamburg;4
903;REP;Nordrhein-Westfalen;6
904;FDP;Nordrhein-Westfalen;29
906;REP;Bayern;21
907;REP;Nordrhein-Westfalen;2
908;Die PARTEI;Hessen;13
909;Ã–DP;Bayern;12
910;VERNUNFT;Nordrhein-Westfalen;10
911;SPD;Bayern;40
912;SPD;Brandenburg;8
915;PIRATEN;Sachsen;10
916;CDU;Niedersachsen;4
917;Die PARTEI;Hamburg;13
918;Volksabstimmung;Nordrhein-Westfalen;1
919;PIRATEN;Niedersachsen;4
920;FDP;Bayern;22
921;Die PARTEI;Nordrhein-Westfalen;29
923;Ã–DP;Nordrhein-Westfalen;2
924;Ã–DP;Nordrhein-Westfalen;14
925;PIRATEN;Berlin;7
926;pro Deutschland;Nordrhein-Westfalen;2
927;SPD;Bayern;13
928;GRÃœNE;Rheinland-Pfalz;5
929;CDU;Nordrhein-Westfalen;29
930;Die PARTEI;Hamburg;8
931;GRÃœNE;Hessen;12
933;REP;Niedersachsen;3
934;Ã–DP;ThÃ_ringen;17
936;REP;Hessen;4
938;PIRATEN;Hessen;9
939;REP;Baden-WÃ_rttemberg;6
941;Ã–DP;Baden-WÃ_rttemberg;2
942;SPD;Bayern;4
944;DIE VIOLETTEN;Bayern;29
945;FDP;Nordrhein-Westfalen;35
946;RENTNER;Hamburg;7
947;RENTNER;Hamburg;5
948;DIE LINKE;Baden-WÃ_rttemberg;7
949;GRÃœNE;Sachsen-Anhalt;6
950;SPD;Hessen;17
952;CDU;Hamburg;12
953;Ã–DP;Bayern;3
954;NPD;Saarland;2
955;CDU;Saarland;14
956;BÃ_So;Berlin;16
957;FDP;Niedersachsen;23
958;GRÃœNE;Rheinland-Pfalz;6
960;VERNUNFT;Bayern;6
961;CDU;Baden-WÃ_rttemberg;34
963;SPD;Brandenburg;3
965;SPD;Mecklenburg-Vorpommern;6
966;DIE LINKE;Rheinland-Pfalz;3
967;CDU;Bremen;6
968;SPD;Nordrhein-Westfalen;20
970;CDU;Baden-WÃ_rttemberg;39
971;NichtwÃ_hler;Nordrhein-Westfalen;6
973;FREIE WÃ„HLER;Bayern;39
974;AfD;Nordrhein-Westfalen;38
976;CSU;Bayern;38
977;MLPD;Berlin;7
979;FDP;Rheinland-Pfalz;12
980;PIRATEN;Rheinland-Pfalz;2
983;FDP;Nordrhein-Westfalen;4
984;FDP;Sachsen-Anhalt;3
986;MLPD;Saarland;2
988;FDP;Niedersachsen;13
989;CSU;Bayern;2
990;FDP;Rheinland-Pfalz;7
993;NPD;ThÃ_ringen;13
994;CDU;Mecklenburg-Vorpommern;9
997;CSU;Bayern;16
998;AfD;Nordrhein-Westfalen;37
999;DIE LINKE;Bayern;5
1002;CSU;Bayern;57
1004;Ã–DP;Baden-WÃ_rttemberg;14
1005;FREIE WÃ„HLER;Baden-WÃ_rttemberg;11
1007;AfD;Berlin;9
1008;FDP;Sachsen;9
1009;FDP;Saarland;3
1010;Die PARTEI;Nordrhein-Westfalen;18
1011;CDU;Rheinland-Pfalz;5
1012;GRÃœNE;Bayern;26
1014;MLPD;Sachsen-Anhalt;5
1015;REP;Nordrhein-Westfalen;13
1016;AfD;Schleswig-Holstein;8
1017;GRÃœNE;ThÃ_ringen;8
1021;REP;Mecklenburg-Vorpommern;2
1022;FREIE WÃ„HLER;Bayern;34
1023;CDU;Saarland;4
1025;PIRATEN;Sachsen-Anhalt;3
1027;CDU;Schleswig-Holstein;23
1028;FREIE WÃ„HLER;Mecklenburg-Vorpommern;4
1029;FDP;Hessen;24
1030;SPD;Niedersachsen;1
1031;DIE LINKE;Nordrhein-Westfalen;28
1032;AfD;Mecklenburg-Vorpommern;3
1034;CDU;Schleswig-Holstein;7
1036;MLPD;Nordrhein-Westfalen;2
1037;MLPD;Hessen;3
1038;REP;Bayern;1
1039;MLPD;ThÃ_ringen;4
1041;REP;Bayern;37
1042;PSG;Nordrhein-Westfalen;1
1043;Die PARTEI;Hessen;15
1044;FREIE WÃ„HLER;Hessen;2
1045;BÃ_So;Sachsen;6
1046;GRÃœNE;Hamburg;5
1047;GRÃœNE;Bayern;8
1048;PIRATEN;Niedersachsen;14
1050;AfD;Nordrhein-Westfalen;36
1051;AfD;Nordrhein-Westfalen;8
1052;DIE VIOLETTEN;Bayern;1
1053;FREIE WÃ„HLER;ThÃ_ringen;2
1055;GRÃœNE;Baden-WÃ_rttemberg;10
1057;FREIE WÃ„HLER;Nordrhein-Westfalen;9
1058;DIE VIOLETTEN;Bayern;33
1059;AfD;Brandenburg;1
1060;GRÃœNE;Baden-WÃ_rttemberg;30
1062;PBC;Niedersachsen;4
1065;AfD;Baden-WÃ_rttemberg;24
1066;FDP;Mecklenburg-Vorpommern;8
1067;Ã–DP;Baden-WÃ_rttemberg;8
1068;CDU;Rheinland-Pfalz;8
1069;Tierschutzpartei;Bayern;3
1070;MLPD;Nordrhein-Westfalen;12
1071;DIE LINKE;Hessen;2
1072;GRÃœNE;Nordrhein-Westfalen;10
1073;AfD;Schleswig-Holstein;9
1075;GRÃœNE;Baden-WÃ_rttemberg;28
1076;VERNUNFT;Bayern;15
1077;AfD;Baden-WÃ_rttemberg;2
1078;SPD;Rheinland-Pfalz;23
1080;CSU;Bayern;62
1081;DIE FRAUEN;Bayern;10
1082;VERNUNFT;Baden-WÃ_rttemberg;3
1083;GRÃœNE;Sachsen-Anhalt;7
1085;MLPD;Bremen;2
1086;Die PARTEI;Hamburg;14
1087;FREIE WÃ„HLER;Sachsen;1
1088;SPD;Nordrhein-Westfalen;45
1090;GRÃœNE;Sachsen-Anhalt;8
1091;GRÃœNE;Bayern;22
1092;SPD;Hessen;30
1093;SPD;Baden-WÃ_rttemberg;9
1094;AfD;Rheinland-Pfalz;23
1096;PIRATEN;Niedersachsen;11
1097;GRÃœNE;Hessen;15
1098;SPD;Hessen;39
1100;MLPD;Hamburg;4
1102;Tierschutzpartei;Niedersachsen;1
1103;GRÃœNE;Nordrhein-Westfalen;22
1104;Ã–DP;Nordrhein-Westfalen;23
1105;GRÃœNE;Saarland;6
1106;CDU;Nordrhein-Westfalen;25
1108;CDU;Rheinland-Pfalz;18
1109;AfD;Hessen;3
1110;DIE LINKE;Baden-WÃ_rttemberg;13
1111;SPD;ThÃ_ringen;2
1114;PIRATEN;Mecklenburg-Vorpommern;7
1115;SPD;Rheinland-Pfalz;11
1117;MLPD;Bayern;2
1118;AfD;Baden-WÃ_rttemberg;21
1119;Ã–DP;Baden-WÃ_rttemberg;6
1120;Tierschutzpartei;Baden-WÃ_rttemberg;4
1121;FREIE WÃ„HLER;Rheinland-Pfalz;10
1123;Ã–DP;Baden-WÃ_rttemberg;12
1124;Ã–DP;Baden-WÃ_rttemberg;22
1125;Ã–DP;Baden-WÃ_rttemberg;13
1126;MLPD;Sachsen;4
1130;pro Deutschland;Niedersachsen;5
1131;GRÃœNE;ThÃ_ringen;1
1132;PIRATEN;Brandenburg;1
1133;pro Deutschland;Bayern;2
1134;FREIE WÃ„HLER;Baden-WÃ_rttemberg;13
1135;NPD;Bremen;1
1136;pro Deutschland;Sachsen-Anhalt;1
1137;FDP;Sachsen;11
1138;FDP;Nordrhein-Westfalen;50
1139;FREIE WÃ„HLER;Sachsen;6
1140;AfD;Bayern;5
1142;CDU;Baden-WÃ_rttemberg;22
1143;DIE FRAUEN;Bayern;1
1144;Die PARTEI;Berlin;23
1145;CDU;Nordrhein-Westfalen;59
1146;FDP;Baden-WÃ_rttemberg;15
1147;DIE LINKE;Bayern;3
1149;FDP;Niedersachsen;5
1150;pro Deutschland;Berlin;3
1151;GRÃœNE;Bayern;27
1152;FREIE WÃ„HLER;Bayern;16
1153;FDP;Baden-WÃ_rttemberg;27
1154;DIE LINKE;Brandenburg;1
1155;BP;Bayern;20
1156;VERNUNFT;Baden-WÃ_rttemberg;9
1157;AfD;Niedersachsen;8
1158;FREIE WÃ„HLER;ThÃ_ringen;9
1159;SPD;Hessen;10
1160;AfD;Hamburg;2
1161;PIRATEN;Nordrhein-Westfalen;7
1162;BIG;Baden-WÃ_rttemberg;2
1163;GRÃœNE;Bayern;40
1164;PIRATEN;Hamburg;3
1165;NPD;ThÃ_ringen;12
1166;DIE LINKE;Bayern;15
1168;NPD;Niedersachsen;9
1169;SPD;Niedersachsen;51
1171;GRÃœNE;Baden-WÃ_rttemberg;33
1172;REP;Baden-WÃ_rttemberg;13
1174;BÃ_So;Berlin;7
1175;pro Deutschland;Hessen;1
1176;Ã–DP;Hamburg;4
1177;REP;Bayern;10
1178;FDP;Hessen;38
1182;Ã–DP;Nordrhein-Westfalen;8
1183;Ã–DP;Nordrhein-Westfalen;5
1185;NPD;Sachsen-Anhalt;4
1186;FREIE WÃ„HLER;Baden-WÃ_rttemberg;21
1187;MLPD;Hamburg;1
1188;SPD;Nordrhein-Westfalen;8
1189;AfD;Mecklenburg-Vorpommern;2
1190;CSU;Bayern;49
1191;CDU;Niedersachsen;9
1192;CDU;Rheinland-Pfalz;15
1193;CDU;Nordrhein-Westfalen;4
1195;BÃ_So;Baden-WÃ_rttemberg;7
1196;FREIE WÃ„HLER;Bayern;31
1197;SPD;Bayern;15
1199;BÃ_So;Sachsen;5
1200;Die PARTEI;Hessen;9
1201;CDU;Hessen;28
1203;SPD;Niedersachsen;22
1204;SPD;Nordrhein-Westfalen;40
1205;FREIE WÃ„HLER;Sachsen;4
1206;CDU;Niedersachsen;2
1207;BÃ_So;Baden-WÃ_rttemberg;8
1208;PIRATEN;Saarland;2
1210;CDU;Niedersachsen;11
1211;DIE LINKE;Baden-WÃ_rttemberg;5
1212;PIRATEN;Schleswig-Holstein;2
1214;DIE VIOLETTEN;Bayern;28
1216;PIRATEN;Baden-WÃ_rttemberg;17
1218;BÃ_So;Sachsen;1
1219;REP;Bayern;6
1220;NPD;Hessen;4
1221;PIRATEN;Sachsen;14
1222;CDU;Berlin;1
1223;FDP;Nordrhein-Westfalen;56
1224;CDU;ThÃ_ringen;1
1226;CDU;Niedersachsen;20
1227;GRÃœNE;Sachsen;7
1230;NPD;Sachsen-Anhalt;5
1231;Die PARTEI;Hamburg;1
1232;FDP;Bayern;3
1233;SPD;Rheinland-Pfalz;34
1234;PIRATEN;Saarland;5
1235;SPD;Niedersachsen;52
1236;SPD;Berlin;10
1238;FDP;Baden-WÃ_rttemberg;35
1239;MLPD;Sachsen;3
1240;RENTNER;Schleswig-Holstein;2
1241;CDU;Niedersachsen;10
1243;CDU;Hamburg;3
1245;GRÃœNE;Hessen;19
1246;SPD;Sachsen;5
1247;GRÃœNE;Nordrhein-Westfalen;25
1249;NPD;Schleswig-Holstein;2
1251;FREIE WÃ„HLER;Sachsen;7
1252;DIE LINKE;Berlin;1
1254;REP;Baden-WÃ_rttemberg;11
1255;FREIE WÃ„HLER;Sachsen;9
1256;GRÃœNE;Nordrhein-Westfalen;23
1257;REP;Bayern;49
1259;AfD;Nordrhein-Westfalen;12
1260;NPD;Nordrhein-Westfalen;2
1261;FREIE WÃ„HLER;Brandenburg;6
1262;AfD;Sachsen-Anhalt;9
1263;FDP;Saarland;9
1264;GRÃœNE;Hessen;23
1265;FDP;Saarland;6
1266;SPD;Mecklenburg-Vorpommern;4
1268;BIG;Nordrhein-Westfalen;9
1269;BÃ_So;Hessen;7
1270;CDU;Baden-WÃ_rttemberg;55
1271;DIE LINKE;Nordrhein-Westfalen;20
1273;Ã–DP;Hamburg;6
1274;Ã–DP;Hamburg;3
1275;NPD;Brandenburg;2
1277;NPD;Nordrhein-Westfalen;10
1278;NPD;Sachsen-Anhalt;7
1279;DIE LINKE;Baden-WÃ_rttemberg;2
1282;GRÃœNE;Mecklenburg-Vorpommern;5
1284;SPD;Schleswig-Holstein;2
1285;Die PARTEI;Hessen;17
1287;SPD;Hessen;23
1288;SPD;Brandenburg;15
1289;PIRATEN;Berlin;9
1290;SPD;Bayern;20
1291;PIRATEN;Baden-WÃ_rttemberg;8
1292;DIE LINKE;Sachsen;2
1293;CSU;Bayern;23
1295;REP;Rheinland-Pfalz;7
1296;REP;Mecklenburg-Vorpommern;3
1297;GRÃœNE;Hamburg;1
1298;CDU;Niedersachsen;31
1299;SPD;Hamburg;8
1301;NPD;Nordrhein-Westfalen;6
1302;AfD;Nordrhein-Westfalen;11
1304;FREIE WÃ„HLER;Bayern;41
1305;Die PARTEI;Berlin;54
1306;CDU;Baden-WÃ_rttemberg;50
1307;NPD;Rheinland-Pfalz;9
1308;AfD;Schleswig-Holstein;25
1310;FREIE WÃ„HLER;Baden-WÃ_rttemberg;9
1311;AfD;Niedersachsen;4
1313;SPD;Nordrhein-Westfalen;27
1314;GRÃœNE;Niedersachsen;13
1315;Ã–DP;ThÃ_ringen;20
1316;Ã–DP;ThÃ_ringen;8
1317;BIG;Nordrhein-Westfalen;10
1318;FREIE WÃ„HLER;Bayern;1
1319;GRÃœNE;Hessen;21
1320;DIE LINKE;Hamburg;4
1321;DIE VIOLETTEN;Bayern;6
1322;FREIE WÃ„HLER;Niedersachsen;8
1323;FDP;Nordrhein-Westfalen;42
1324;FDP;Bayern;42
1326;NPD;Hessen;1
1327;FDP;Schleswig-Holstein;4
1330;RENTNER;Baden-WÃ_rttemberg;2
1331;CDU;Nordrhein-Westfalen;39
1333;Die PARTEI;Berlin;11
1334;PIRATEN;Sachsen;1
1335;Die PARTEI;Hamburg;6
1337;BÃ_So;Hessen;1
1338;BÃ_So;Hessen;9
1339;CDU;Hessen;32
1340;BÃ_ndnis21/RRP;Bremen;5
1341;SPD;Rheinland-Pfalz;4
1342;SPD;Nordrhein-Westfalen;15
1343;SPD;Niedersachsen;39
1344;BP;Bayern;1
1345;PIRATEN;Bayern;29
1346;AfD;Sachsen;6
1347;AfD;Nordrhein-Westfalen;10
1352;CSU;Bayern;53
1353;CDU;Rheinland-Pfalz;19
1354;CSU;Bayern;1
1355;GRÃœNE;Nordrhein-Westfalen;3
1356;BÃ_So;Hessen;4
1358;SPD;Hessen;16
1359;FAMILIE;Saarland;4
1360;FDP;Rheinland-Pfalz;18
1361;REP;Rheinland-Pfalz;1
1362;CDU;Nordrhein-Westfalen;30
1364;REP;Baden-WÃ_rttemberg;15
1365;PIRATEN;Baden-WÃ_rttemberg;20
1366;CDU;ThÃ_ringen;9
1367;AfD;Schleswig-Holstein;7
1369;AfD;Schleswig-Holstein;2
1370;FDP;Sachsen;2
1371;FDP;Nordrhein-Westfalen;20
1372;DIE LINKE;Baden-WÃ_rttemberg;11
1373;CDU;ThÃ_ringen;12
1374;BÃ_So;Sachsen;4
1375;CDU;Hessen;12
1376;FREIE WÃ„HLER;Brandenburg;3
1377;AfD;Nordrhein-Westfalen;28
1378;CDU;Hamburg;9
1379;AfD;Sachsen-Anhalt;1
1380;Die PARTEI;Nordrhein-Westfalen;27
1381;GRÃœNE;Nordrhein-Westfalen;40
1382;REP;Bayern;19
1383;REP;Bayern;40
1385;pro Deutschland;Sachsen-Anhalt;4
1386;CDU;Niedersachsen;43
1387;NPD;Rheinland-Pfalz;8
1388;CDU;Hessen;35
1389;SPD;Nordrhein-Westfalen;59
1392;GRÃœNE;Brandenburg;5
1393;Ã–DP;Baden-WÃ_rttemberg;5
1394;CDU;Hessen;13
1395;PIRATEN;Bayern;25
1397;SPD;Bayern;36
1398;FDP;Hessen;25
1399;DIE LINKE;Bayern;13
1400;Die PARTEI;Berlin;24
1401;SPD;Niedersachsen;5
1402;CDU;Rheinland-Pfalz;7
1403;GRÃœNE;Bayern;28
1405;FREIE WÃ„HLER;Bayern;21
1406;Ã–DP;Bayern;13
1407;DIE LINKE;Bayern;10
1409;FREIE WÃ„HLER;Sachsen-Anhalt;3
1412;DIE LINKE;Sachsen-Anhalt;5
1413;AfD;Nordrhein-Westfalen;41
1414;REP;Niedersachsen;4
1415;PIRATEN;Niedersachsen;12
1416;FDP;Nordrhein-Westfalen;39
1417;BÃ_So;Sachsen;2
1418;SPD;Hessen;45
1419;CDU;Saarland;16
1420;GRÃœNE;ThÃ_ringen;11
1421;pro Deutschland;Baden-WÃ_rttemberg;5
1423;SPD;Bayern;22
1424;BÃ_So;Bayern;10
1427;CDU;Hamburg;11
1430;SPD;Hessen;38
1431;NPD;ThÃ_ringen;2
1432;FDP;Nordrhein-Westfalen;55
1435;SPD;Rheinland-Pfalz;10
1436;FDP;Mecklenburg-Vorpommern;3
1437;SPD;Hessen;36
1438;CDU;Schleswig-Holstein;11
1439;NPD;Niedersachsen;8
1440;NPD;ThÃ_ringen;8
1441;CDU;Sachsen-Anhalt;6
1442;Die PARTEI;Berlin;46
1443;SPD;Niedersachsen;59
1444;FDP;Nordrhein-Westfalen;23
1445;SPD;Nordrhein-Westfalen;13
1446;CDU;Sachsen-Anhalt;7
1449;CDU;Hessen;34
1450;SPD;Nordrhein-Westfalen;2
1451;AfD;Sachsen-Anhalt;16
1452;NPD;Niedersachsen;7
1453;CDU;Nordrhein-Westfalen;32
1454;SPD;Saarland;3
1456;PIRATEN;Nordrhein-Westfalen;24
1457;SPD;Sachsen-Anhalt;8
1458;BÃ_So;Bayern;7
1460;AfD;Rheinland-Pfalz;25
1462;Volksabstimmung;Nordrhein-Westfalen;10
1463;PIRATEN;Baden-WÃ_rttemberg;18
1464;FREIE WÃ„HLER;Bayern;8
1466;PSG;Hessen;2
1468;FDP;Bayern;14
1469;FREIE WÃ„HLER;Bayern;11
1470;FDP;Hessen;32
1472;REP;Baden-WÃ_rttemberg;17
1473;FDP;Hessen;30
1475;CDU;Schleswig-Holstein;12
1476;DIE LINKE;Nordrhein-Westfalen;13
1477;FREIE WÃ„HLER;Berlin;5
1478;pro Deutschland;Sachsen-Anhalt;3
1479;GRÃœNE;Nordrhein-Westfalen;17
1480;REP;Bayern;22
1481;FDP;Nordrhein-Westfalen;45
1482;CDU;Saarland;20
1483;MLPD;Baden-WÃ_rttemberg;12
1484;FAMILIE;Saarland;2
1485;AfD;Sachsen;4
1486;SPD;Rheinland-Pfalz;2
1488;SPD;ThÃ_ringen;4
1489;CDU;Hamburg;10
1491;NichtwÃ_hler;Nordrhein-Westfalen;3
1492;CSU;Bayern;63
1493;Ã–DP;Baden-WÃ_rttemberg;20
1494;FDP;Rheinland-Pfalz;25
1497;REP;Nordrhein-Westfalen;4
1498;NPD;Sachsen;3
1499;FDP;Bayern;32
1500;BÃ_So;Berlin;12
1501;PIRATEN;Hessen;6
1503;Die PARTEI;Nordrhein-Westfalen;24
1504;Ã–DP;Rheinland-Pfalz;1
1505;DIE LINKE;Saarland;4
1507;AfD;Schleswig-Holstein;16
1508;AfD;Niedersachsen;9
1509;SPD;Schleswig-Holstein;4
1510;FREIE WÃ„HLER;Rheinland-Pfalz;11
1513;BP;Bayern;3
1514;FDP;Bremen;2
1515;REP;Rheinland-Pfalz;3
1516;Die PARTEI;Hessen;12
1517;CDU;Nordrhein-Westfalen;5
1518;CDU;Baden-WÃ_rttemberg;16
1519;BÃ_So;Berlin;17
1520;SPD;Nordrhein-Westfalen;26
1521;GRÃœNE;Hessen;1
1522;FREIE WÃ„HLER;Bayern;7
1523;CDU;ThÃ_ringen;4
1524;CDU;Nordrhein-Westfalen;55
1525;DIE LINKE;Nordrhein-Westfalen;16
1526;SPD;Rheinland-Pfalz;6
1527;FREIE WÃ„HLER;Berlin;3
1529;AfD;Niedersachsen;7
1530;BÃ_So;Nordrhein-Westfalen;2
1531;AfD;Bayern;35
1533;AfD;ThÃ_ringen;2
1534;AfD;Sachsen-Anhalt;12
1535;MLPD;Berlin;4
1537;FDP;Rheinland-Pfalz;3
1538;PIRATEN;Rheinland-Pfalz;5
1539;DIE LINKE;Nordrhein-Westfalen;9
1540;SPD;Berlin;1
1541;GRÃœNE;Nordrhein-Westfalen;1
1542;DIE LINKE;Sachsen;9
1543;CSU;Bayern;46
1544;Tierschutzpartei;Bremen;2
1547;GRÃœNE;Baden-WÃ_rttemberg;17
1548;MLPD;Mecklenburg-Vorpommern;2
1549;MLPD;Bayern;4
1551;CDU;Nordrhein-Westfalen;57
1555;CSU;Bayern;27
1556;AfD;Bayern;11
1557;Die PARTEI;Berlin;2
1559;CDU;Rheinland-Pfalz;23
1560;VERNUNFT;Rheinland-Pfalz;1
1561;AfD;Bayern;24
1563;CDU;Nordrhein-Westfalen;52
1564;BÃ_So;Berlin;20
1566;Ã–DP;Rheinland-Pfalz;6
1567;DIE VIOLETTEN;Bayern;19
1568;SPD;Bayern;35
1569;AfD;Rheinland-Pfalz;17
1570;GRÃœNE;Bayern;2
1571;FDP;Bayern;28
1574;Ã–DP;Baden-WÃ_rttemberg;28
1575;REP;Bayern;17
1576;AfD;Mecklenburg-Vorpommern;1
1578;Die PARTEI;Berlin;35
1579;SPD;Niedersachsen;38
1580;FREIE WÃ„HLER;Saarland;1
1582;FREIE WÃ„HLER;Baden-WÃ_rttemberg;14
1584;SPD;Saarland;5
1587;FDP;Baden-WÃ_rttemberg;2
1588;FREIE WÃ„HLER;Bayern;4
1589;GRÃœNE;Niedersachsen;8
1590;CDU;Niedersachsen;17
1591;CDU;Mecklenburg-Vorpommern;11
1592;CDU;Baden-WÃ_rttemberg;15
1593;REP;Bayern;7
1594;DIE LINKE;ThÃ_ringen;7
1595;CDU;Bremen;2
1596;DIE LINKE;Hessen;14
1598;SPD;Rheinland-Pfalz;25
1599;BP;Bayern;22
1600;CDU;Hessen;19
1601;REP;Bayern;18
1602;FDP;Baden-WÃ_rttemberg;26
1603;CDU;Saarland;11
1605;NPD;Berlin;8
1606;CDU;Saarland;3
1607;PIRATEN;Sachsen-Anhalt;8
1608;SPD;Sachsen-Anhalt;9
1609;NPD;Bayern;9
1610;FREIE WÃ„HLER;Nordrhein-Westfalen;13
1611;Ã–DP;Bayern;14
1612;CDU;Nordrhein-Westfalen;19
1615;PIRATEN;Bayern;9
1617;FREIE WÃ„HLER;Saarland;4
1619;pro Deutschland;Brandenburg;2
1620;BP;Bayern;21
1621;SPD;Baden-WÃ_rttemberg;26
1622;VERNUNFT;Bayern;17
1623;Die PARTEI;Nordrhein-Westfalen;51
1624;CDU;Niedersachsen;32
1625;DIE LINKE;Nordrhein-Westfalen;4
1626;DIE LINKE;Saarland;3
1627;DIE LINKE;ThÃ_ringen;5
1628;GRÃœNE;Hamburg;7
1630;pro Deutschland;Mecklenburg-Vorpommern;3
1631;GRÃœNE;Sachsen;13
1632;SPD;Schleswig-Holstein;9
1633;MLPD;Berlin;5
1634;MLPD;Berlin;2
1636;AfD;Nordrhein-Westfalen;26
1637;GRÃœNE;Mecklenburg-Vorpommern;8
1639;CDU;Niedersachsen;34
1641;MLPD;Brandenburg;4
1643;PIRATEN;Bayern;27
1644;FDP;Niedersachsen;8
1646;PIRATEN;ThÃ_ringen;6
1649;CDU;Schleswig-Holstein;26
1650;GRÃœNE;Sachsen;6
1651;FDP;Baden-WÃ_rttemberg;32
1654;Ã–DP;Nordrhein-Westfalen;3
1656;AfD;Bayern;22
1657;NPD;Baden-WÃ_rttemberg;4
1658;PIRATEN;Mecklenburg-Vorpommern;8
1660;Die PARTEI;Berlin;15
1661;FREIE WÃ„HLER;Rheinland-Pfalz;17
1662;AfD;Rheinland-Pfalz;3
1663;MLPD;Sachsen-Anhalt;6
1664;pro Deutschland;Hessen;4
1665;GRÃœNE;Bayern;4
1666;VERNUNFT;Bayern;1
1667;Die PARTEI;Nordrhein-Westfalen;23
1668;DIE LINKE;Schleswig-Holstein;5
1670;Die PARTEI;Nordrhein-Westfalen;28
1671;Die PARTEI;Nordrhein-Westfalen;21
1672;FDP;Rheinland-Pfalz;20
1673;PBC;Niedersachsen;9
1674;VERNUNFT;Baden-WÃ_rttemberg;7
1675;SPD;Niedersachsen;16
1676;GRÃœNE;Nordrhein-Westfalen;34
1677;Die PARTEI;Nordrhein-Westfalen;8
1678;PIRATEN;Bayern;15
1679;CDU;Nordrhein-Westfalen;35
1683;SPD;Baden-WÃ_rttemberg;37
1684;DIE LINKE;Nordrhein-Westfalen;3
1686;CDU;Mecklenburg-Vorpommern;10
1687;SPD;Rheinland-Pfalz;14
1688;CDU;Schleswig-Holstein;13
1689;CDU;Hessen;29
1690;Die PARTEI;Berlin;18
1691;AfD;Mecklenburg-Vorpommern;6
1692;FREIE WÃ„HLER;Nordrhein-Westfalen;11
1694;CDU;Saarland;21
1695;GRÃœNE;Nordrhein-Westfalen;20
1696;Ã–DP;Rheinland-Pfalz;11
1698;CDU;Nordrhein-Westfalen;42
1701;BÃ_So;Sachsen;9
1702;Ã–DP;Rheinland-Pfalz;7
1703;REP;Baden-WÃ_rttemberg;10
1704;AfD;Baden-WÃ_rttemberg;10
1706;SPD;Rheinland-Pfalz;24
1707;SPD;Saarland;2
1709;DIE VIOLETTEN;Bayern;27
1710;CDU;Baden-WÃ_rttemberg;12
1712;GRÃœNE;Hessen;18
1713;CDU;Hessen;1
1714;FDP;Baden-WÃ_rttemberg;34
1715;AfD;Brandenburg;10
1717;CDU;Rheinland-Pfalz;13
1718;GRÃœNE;Rheinland-Pfalz;9
1720;AfD;Nordrhein-Westfalen;30
1722;SPD;Mecklenburg-Vorpommern;2
1723;DIE LINKE;Niedersachsen;11
1724;SPD;Baden-WÃ_rttemberg;11
1725;PIRATEN;Baden-WÃ_rttemberg;27
1726;SPD;Sachsen;1
1727;CDU;Baden-WÃ_rttemberg;32
1728;DIE LINKE;Sachsen;14
1729;SPD;Nordrhein-Westfalen;42
1730;Die PARTEI;Nordrhein-Westfalen;9
1733;CDU;Nordrhein-Westfalen;61
1734;BÃ_So;Nordrhein-Westfalen;10
1736;Die PARTEI;Nordrhein-Westfalen;44
1737;DIE VIOLETTEN;Bayern;11
1738;MLPD;Nordrhein-Westfalen;4
1740;VERNUNFT;Bayern;11
1741;REP;Niedersachsen;2
1742;BÃ_So;Bayern;2
1743;AfD;Schleswig-Holstein;3
1744;Ã–DP;ThÃ_ringen;15
1745;Ã–DP;ThÃ_ringen;11
1746;FREIE WÃ„HLER;Bayern;17
1747;CDU;Hessen;45
1748;BÃ_So;Bayern;9
1751;pro Deutschland;Saarland;1
1752;GRÃœNE;Brandenburg;4
1753;DIE LINKE;Saarland;5
1754;FREIE WÃ„HLER;Bayern;38
1755;PIRATEN;Nordrhein-Westfalen;1
1756;AfD;Rheinland-Pfalz;2
1757;NPD;Niedersachsen;3
1758;FDP;Bayern;27
1759;BÃ_So;Nordrhein-Westfalen;9
1760;FDP;Niedersachsen;16
1761;CDU;Niedersachsen;15
1762;FREIE WÃ„HLER;Saarland;2
1763;Die PARTEI;Berlin;6
1764;NPD;ThÃ_ringen;4
1765;CDU;Nordrhein-Westfalen;8
1766;SPD;Nordrhein-Westfalen;16
1768;NPD;Saarland;4
1769;RENTNER;Baden-WÃ_rttemberg;1
1771;CDU;Nordrhein-Westfalen;20
1773;DIE LINKE;Nordrhein-Westfalen;11
1774;CDU;Baden-WÃ_rttemberg;25
1775;VERNUNFT;Nordrhein-Westfalen;11
1776;MLPD;Baden-WÃ_rttemberg;7
1777;SPD;Nordrhein-Westfalen;37
1778;SPD;Baden-WÃ_rttemberg;21
1779;DIE LINKE;Sachsen;3
1781;AfD;Sachsen-Anhalt;8
1783;DIE LINKE;Nordrhein-Westfalen;27
1784;CDU;Nordrhein-Westfalen;15
1786;Die PARTEI;Bremen;5
1787;Die PARTEI;Bremen;1
1789;PBC;Niedersachsen;1
1790;DIE LINKE;Schleswig-Holstein;6
1792;FDP;Rheinland-Pfalz;14
1793;PIRATEN;Bayern;22
1794;PIRATEN;ThÃ_ringen;1
1795;DIE LINKE;Mecklenburg-Vorpommern;3
1797;Ã–DP;Sachsen-Anhalt;3
1798;CDU;Rheinland-Pfalz;3
1799;PIRATEN;Bayern;14
1800;FDP;Bayern;47
1801;SPD;Niedersachsen;43
1802;FREIE WÃ„HLER;Saarland;3
1803;FDP;Rheinland-Pfalz;10
1804;AfD;Rheinland-Pfalz;19
1805;FDP;Bayern;21
1806;SPD;Schleswig-Holstein;18
1807;SPD;Baden-WÃ_rttemberg;12
1808;FDP;Nordrhein-Westfalen;6
1810;CDU;Baden-WÃ_rttemberg;3
1811;AfD;Baden-WÃ_rttemberg;16
1813;CDU;Baden-WÃ_rttemberg;10
1814;AfD;ThÃ_ringen;1
1815;FDP;Hessen;23
1816;DIE LINKE;Niedersachsen;9
1821;FREIE WÃ„HLER;Hessen;4
1823;Die PARTEI;Berlin;29
1824;GRÃœNE;Bayern;6
1825;SPD;Nordrhein-Westfalen;56
1827;REP;Bayern;25
1828;SPD;Niedersachsen;25
1830;GRÃœNE;Niedersachsen;11
1831;Die PARTEI;Berlin;51
1832;AfD;Baden-WÃ_rttemberg;17
1833;AfD;Baden-WÃ_rttemberg;23
1835;FDP;Saarland;5
1837;SPD;Sachsen-Anhalt;4
1838;CDU;Rheinland-Pfalz;25
1839;CDU;Rheinland-Pfalz;32
1840;Die PARTEI;Nordrhein-Westfalen;40
1841;Die PARTEI;Nordrhein-Westfalen;41
1842;Ã–DP;Baden-WÃ_rttemberg;25
1843;MLPD;ThÃ_ringen;5
1845;Ã–DP;Nordrhein-Westfalen;1
1846;Ã–DP;Nordrhein-Westfalen;7
1847;DIE LINKE;Hamburg;3
1848;PIRATEN;Bayern;12
1849;SPD;Sachsen;13
1850;FREIE WÃ„HLER;Bayern;20
1852;GRÃœNE;Niedersachsen;1
1853;FREIE WÃ„HLER;Niedersachsen;5
1854;GRÃœNE;Baden-WÃ_rttemberg;35
1856;PIRATEN;Bayern;7
1859;AfD;ThÃ_ringen;6
1861;FREIE WÃ„HLER;Sachsen;11
1862;REP;Nordrhein-Westfalen;3
1863;FREIE WÃ„HLER;Brandenburg;4
1865;GRÃœNE;Baden-WÃ_rttemberg;18
1866;SPD;Rheinland-Pfalz;28
1867;AfD;Baden-WÃ_rttemberg;13
1868;pro Deutschland;Bremen;2
1869;GRÃœNE;Niedersachsen;4
1871;PIRATEN;Brandenburg;4
1872;CDU;Nordrhein-Westfalen;33
1873;DIE LINKE;Sachsen;1
1874;SPD;Hessen;40
1875;SPD;Baden-WÃ_rttemberg;22
1876;AfD;Nordrhein-Westfalen;19
1877;CDU;Baden-WÃ_rttemberg;23
1878;VERNUNFT;Baden-WÃ_rttemberg;6
1879;DIE VIOLETTEN;Bayern;32
1881;FREIE WÃ„HLER;Sachsen;8
1883;MLPD;Nordrhein-Westfalen;15
1884;GRÃœNE;Bayern;50
1885;SPD;Berlin;5
1886;FDP;Schleswig-Holstein;11
1887;Ã–DP;Baden-WÃ_rttemberg;9
1888;FDP;Nordrhein-Westfalen;17
1891;SPD;Nordrhein-Westfalen;51
1893;REP;Bayern;32
1895;AfD;Hessen;2
1897;NPD;Hamburg;2
1899;REP;Brandenburg;3
1900;MLPD;Niedersachsen;2
1902;SPD;Hamburg;10
1903;SPD;Mecklenburg-Vorpommern;5
1904;CDU;ThÃ_ringen;11
1905;GRÃœNE;Bayern;37
1907;NPD;Rheinland-Pfalz;6
1908;AfD;Rheinland-Pfalz;22
1909;DIE LINKE;Rheinland-Pfalz;6
1912;CDU;Nordrhein-Westfalen;27
1914;GRÃœNE;Nordrhein-Westfalen;11
1915;Die PARTEI;Nordrhein-Westfalen;19
1916;NPD;Bayern;7
1917;DIE VIOLETTEN;Bayern;17
1918;DIE VIOLETTEN;Bayern;34
1921;AfD;Bayern;38
1922;CDU;Hamburg;5
1923;SPD;Niedersachsen;9
1924;FDP;Baden-WÃ_rttemberg;18
1925;SPD;Hessen;31
1926;AfD;Rheinland-Pfalz;10
1927;PIRATEN;Saarland;4
1928;FREIE WÃ„HLER;Niedersachsen;1
1929;GRÃœNE;Niedersachsen;19
1932;FREIE WÃ„HLER;Hessen;11
1933;CDU;Schleswig-Holstein;27
1934;SPD;ThÃ_ringen;8
1935;FDP;Hessen;14
1937;PIRATEN;Mecklenburg-Vorpommern;5
1943;NPD;Niedersachsen;6
1944;GRÃœNE;Hessen;8
1945;CDU;Niedersachsen;13
1948;FDP;Nordrhein-Westfalen;47
1950;NPD;Brandenburg;7
1951;AfD;Baden-WÃ_rttemberg;15
1952;FDP;Baden-WÃ_rttemberg;7
1953;BIG;Baden-WÃ_rttemberg;6
1954;BIG;Baden-WÃ_rttemberg;10
1955;FDP;Schleswig-Holstein;10
1957;Ã–DP;ThÃ_ringen;22
1958;FDP;Rheinland-Pfalz;22
1959;CDU;Schleswig-Holstein;22
1961;SPD;Saarland;13
1962;NPD;Schleswig-Holstein;5
1963;GRÃœNE;Nordrhein-Westfalen;15
1965;PIRATEN;Baden-WÃ_rttemberg;23
1967;NPD;Baden-WÃ_rttemberg;5
1970;FDP;ThÃ_ringen;2
1971;REP;Baden-WÃ_rttemberg;16
1972;MLPD;Hamburg;6
1973;SPD;Hessen;22
1974;AfD;Baden-WÃ_rttemberg;1
1975;SPD;Hessen;14
1976;CDU;Berlin;12
1978;AfD;Niedersachsen;10
1979;FDP;Saarland;2
1980;FREIE WÃ„HLER;Rheinland-Pfalz;19
1981;AfD;Brandenburg;5
1982;GRÃœNE;Hessen;4
1983;BÃ_So;Berlin;9
1984;CDU;Brandenburg;3
1985;CDU;Sachsen;5
1986;FDP;Bayern;6
1987;BÃ_So;Bayern;8
1989;FREIE WÃ„HLER;Sachsen-Anhalt;15
1990;CDU;Sachsen;16
1991;FDP;Nordrhein-Westfalen;27
1992;FAMILIE;Saarland;1
1993;PIRATEN;Bayern;4
1994;SPD;Rheinland-Pfalz;12
1997;GRÃœNE;Nordrhein-Westfalen;33
1998;GRÃœNE;Berlin;12
1999;SPD;Bayern;8
2001;FREIE WÃ„HLER;Bayern;13
2002;Ã–DP;Nordrhein-Westfalen;20
2003;CDU;Rheinland-Pfalz;20
2005;FREIE WÃ„HLER;Niedersachsen;6
2006;NPD;Brandenburg;4
2007;FDP;Hessen;1
2008;MLPD;Baden-WÃ_rttemberg;8
2009;CDU;Baden-WÃ_rttemberg;46
2011;CDU;Baden-WÃ_rttemberg;24
2012;SPD;Sachsen;4
2013;MLPD;Sachsen;2
2014;PIRATEN;Nordrhein-Westfalen;6
2017;FAMILIE;Saarland;5
2018;Ã–DP;Rheinland-Pfalz;18
2019;Volksabstimmung;Nordrhein-Westfalen;5
2020;CDU;Hessen;22
2021;DIE LINKE;Mecklenburg-Vorpommern;6
2022;FDP;Rheinland-Pfalz;6
2023;Die PARTEI;Berlin;8
2024;DIE LINKE;Baden-WÃ_rttemberg;14
2025;CDU;Rheinland-Pfalz;17
2026;MLPD;Hessen;1
2027;CDU;Baden-WÃ_rttemberg;27
2028;GRÃœNE;Baden-WÃ_rttemberg;26
2029;MLPD;Sachsen-Anhalt;3
2031;DIE LINKE;Sachsen-Anhalt;2
2032;CSU;Bayern;12
2033;GRÃœNE;ThÃ_ringen;9
2034;SPD;Hessen;18
2035;Die PARTEI;Hamburg;4
2036;Die PARTEI;Hamburg;9
2037;GRÃœNE;Baden-WÃ_rttemberg;3
2039;CDU;Baden-WÃ_rttemberg;17
2040;Ã–DP;Rheinland-Pfalz;12
2042;FDP;Brandenburg;2
2043;AfD;Rheinland-Pfalz;7
2046;MLPD;Baden-WÃ_rttemberg;2
2047;CDU;Sachsen;17
2048;FDP;Sachsen;3
2049;SPD;Niedersachsen;45
2051;PIRATEN;Bayern;1
2052;SPD;Bayern;2
2053;pro Deutschland;Bayern;4
2055;FREIE WÃ„HLER;Bayern;12
2056;BÃ_So;Berlin;15
2057;Die PARTEI;Hessen;8
2058;FREIE WÃ„HLER;Baden-WÃ_rttemberg;3
2059;AfD;Nordrhein-Westfalen;17
2060;Ã–DP;ThÃ_ringen;21
2061;FDP;Mecklenburg-Vorpommern;10
2062;AfD;Schleswig-Holstein;22
2063;NPD;Sachsen-Anhalt;2
2065;REP;Bayern;48
2066;FDP;Brandenburg;8
2069;NPD;Bayern;8
2070;BÃ_So;Berlin;21
2071;DIE FRAUEN;Bayern;6
2072;FDP;Sachsen;6
2073;Ã–DP;Rheinland-Pfalz;9
2074;DIE LINKE;Niedersachsen;2
2075;FREIE WÃ„HLER;Nordrhein-Westfalen;2
2077;FDP;Berlin;3
2079;FREIE WÃ„HLER;Sachsen-Anhalt;11
2081;AfD;Sachsen-Anhalt;6
2085;NPD;Niedersachsen;4
2086;Volksabstimmung;Nordrhein-Westfalen;9
2088;AfD;Schleswig-Holstein;19
2089;CDU;Nordrhein-Westfalen;24
2090;GRÃœNE;Nordrhein-Westfalen;6
2092;SPD;Niedersachsen;41
2093;SPD;Baden-WÃ_rttemberg;38
2094;FDP;Bayern;8
2096;VERNUNFT;Bayern;12
2097;PIRATEN;Baden-WÃ_rttemberg;2
2098;DIE RECHTE;Nordrhein-Westfalen;2
2099;Ã–DP;Baden-WÃ_rttemberg;3
2100;CSU;Bayern;67
2101;Die PARTEI;Nordrhein-Westfalen;38
2102;BÃ_So;Nordrhein-Westfalen;1
2103;SPD;Nordrhein-Westfalen;21
2104;CDU;Hamburg;8
2105;FDP;Brandenburg;3
2106;GRÃœNE;Saarland;5
2107;SPD;Brandenburg;6
2109;SPD;Nordrhein-Westfalen;31
2110;BÃ_So;Bayern;13
2111;DIE LINKE;Mecklenburg-Vorpommern;8
2112;pro Deutschland;Sachsen;3
2113;GRÃœNE;Bayern;11
2114;Die PARTEI;Nordrhein-Westfalen;20
2115;AfD;Hamburg;1
2116;CDU;Hamburg;2
2118;FDP;Schleswig-Holstein;1
2119;AfD;Bayern;30
2121;CDU;Sachsen;10
2122;Ã–DP;Nordrhein-Westfalen;11
2124;Die PARTEI;Hessen;14
2125;GRÃœNE;Baden-WÃ_rttemberg;6
2126;Die PARTEI;Nordrhein-Westfalen;37
2127;GRÃœNE;Sachsen;2
2128;SPD;Nordrhein-Westfalen;28
2129;CDU;Niedersachsen;22
2131;DIE LINKE;Brandenburg;8
2132;PIRATEN;Brandenburg;5
2133;GRÃœNE;Berlin;1
2134;AfD;Sachsen;8
2135;PIRATEN;Nordrhein-Westfalen;17
2136;SPD;Rheinland-Pfalz;18
2137;AfD;Mecklenburg-Vorpommern;5
2138;CDU;Schleswig-Holstein;28
2141;AfD;Schleswig-Holstein;20
2142;DIE LINKE;Sachsen-Anhalt;3
2144;GRÃœNE;Baden-WÃ_rttemberg;19
2145;AfD;Hessen;20
2146;GRÃœNE;Hessen;20
2147;GRÃœNE;Sachsen;9
2148;PIRATEN;Sachsen-Anhalt;9
2149;SPD;Hessen;32
2151;FREIE WÃ„HLER;Mecklenburg-Vorpommern;8
2152;SPD;Brandenburg;13
2153;GRÃœNE;Nordrhein-Westfalen;8
2154;FDP;ThÃ_ringen;1
2155;AfD;Saarland;6
2157;FDP;ThÃ_ringen;8
2158;MLPD;Sachsen-Anhalt;1
2159;GRÃœNE;Nordrhein-Westfalen;38
2160;Die PARTEI;Nordrhein-Westfalen;43
2161;AfD;Baden-WÃ_rttemberg;19
2162;CDU;Niedersachsen;19
2164;BÃ_ndnis21/RRP;Bayern;2
2165;PIRATEN;Sachsen-Anhalt;6
2166;AfD;Sachsen-Anhalt;13
2167;CDU;Sachsen;8
2168;GRÃœNE;Berlin;10
2169;CDU;Niedersachsen;23
2170;PIRATEN;Bayern;13
2171;PIRATEN;Baden-WÃ_rttemberg;12
2172;Die PARTEI;Nordrhein-Westfalen;32
2173;SPD;Hessen;2
2174;CDU;Baden-WÃ_rttemberg;8
2175;GRÃœNE;Niedersachsen;15
2176;CDU;Nordrhein-Westfalen;1
2177;NPD;Bremen;4
2178;DIE VIOLETTEN;Bayern;10
2179;CDU;Sachsen;4
2180;NichtwÃ_hler;Nordrhein-Westfalen;5
2181;Ã–DP;Bayern;15
2182;SPD;Sachsen;12
2183;Tierschutzpartei;Baden-WÃ_rttemberg;2
2185;BÃ_ndnis21/RRP;Bremen;4
2186;FDP;Mecklenburg-Vorpommern;7
2187;SPD;Baden-WÃ_rttemberg;3
2188;SPD;Niedersachsen;36
2189;MLPD;Bremen;1
2190;CDU;Hessen;27
2192;MLPD;Bremen;3
2193;FDP;Nordrhein-Westfalen;60
2194;FDP;Hessen;37
2196;AfD;Sachsen-Anhalt;3
2197;CDU;Rheinland-Pfalz;21
2200;CSU;Bayern;31
2201;FDP;Rheinland-Pfalz;9
2202;DIE LINKE;Rheinland-Pfalz;5
2203;VERNUNFT;Bayern;19
2204;AfD;Hessen;19
2205;Die PARTEI;Berlin;16
2206;GRÃœNE;ThÃ_ringen;2
2207;CSU;Bayern;32
2208;BP;Bayern;17
2209;SPD;Nordrhein-Westfalen;62
2211;DIE LINKE;Sachsen;5
2212;GRÃœNE;Sachsen;1
2214;BÃ_So;Bayern;6
2215;AfD;Nordrhein-Westfalen;14
2218;FREIE WÃ„HLER;Brandenburg;8
2221;pro Deutschland;Mecklenburg-Vorpommern;1
2222;CSU;Bayern;24
2223;CDU;Saarland;10
2225;DIE LINKE;Hessen;1
2226;Die PARTEI;Berlin;47
2227;AfD;Bremen;2
2228;CDU;Hessen;14
2230;Ã–DP;Rheinland-Pfalz;8
2232;FREIE WÃ„HLER;Sachsen-Anhalt;14
2233;CDU;Schleswig-Holstein;20
2234;RENTNER;Schleswig-Holstein;1
2235;GRÃœNE;Niedersachsen;16
2236;GRÃœNE;Sachsen-Anhalt;1
2237;SPD;ThÃ_ringen;3
2238;PIRATEN;Bayern;16
2239;CDU;Berlin;8
2240;DIE LINKE;ThÃ_ringen;2
2241;CSU;Bayern;28
2242;AfD;Schleswig-Holstein;17
2243;AfD;Sachsen-Anhalt;14
2244;PIRATEN;Berlin;8
2247;SPD;Hamburg;7
2248;FDP;Mecklenburg-Vorpommern;5
2249;DIE LINKE;Niedersachsen;8
2250;MLPD;Nordrhein-Westfalen;11
2252;CSU;Bayern;29
2253;FDP;Nordrhein-Westfalen;59
2254;VERNUNFT;Bayern;4
2255;BIG;Nordrhein-Westfalen;3
2256;DIE LINKE;Sachsen;8
2257;FDP;Bayern;1
2258;BÃ_ndnis21/RRP;Bayern;9
2259;FDP;Baden-WÃ_rttemberg;30
2260;BÃ_So;Hessen;3
2261;CDU;Niedersachsen;1
2262;CDU;Rheinland-Pfalz;12
2263;GRÃœNE;Sachsen;4
2264;SPD;Niedersachsen;57
2265;REP;Bayern;12
2267;NPD;Berlin;7
2268;CSU;Bayern;66
2269;DIE LINKE;Berlin;4
2270;CDU;Schleswig-Holstein;5
2271;DIE LINKE;Bayern;16
2272;FDP;Hamburg;3
2273;VERNUNFT;Nordrhein-Westfalen;5
2274;FDP;Bayern;18
2275;NPD;Brandenburg;6
2276;pro Deutschland;Berlin;2
2277;pro Deutschland;Sachsen-Anhalt;2
2278;SPD;Sachsen-Anhalt;7
2279;CDU;Mecklenburg-Vorpommern;3
2280;FDP;Rheinland-Pfalz;26
2281;BÃ_So;Berlin;3
2282;REP;Brandenburg;2
2284;FDP;Berlin;2
2285;NPD;Sachsen-Anhalt;8
2286;AfD;Hessen;14
2289;CSU;Bayern;20
2291;FDP;Berlin;1
2292;GRÃœNE;Rheinland-Pfalz;2
2293;Volksabstimmung;Nordrhein-Westfalen;7
2294;SPD;Hessen;43
2295;MLPD;Nordrhein-Westfalen;10
2296;BÃ_ndnis21/RRP;Bayern;1
2297;BÃ_ndnis21/RRP;Bayern;10
2298;FDP;Baden-WÃ_rttemberg;4
2300;PIRATEN;Bayern;5
2301;CDU;Hessen;11
2302;SPD;Sachsen-Anhalt;1
2303;SPD;ThÃ_ringen;6
2304;FDP;Hessen;17
2307;GRÃœNE;Schleswig-Holstein;5
2308;FDP;Brandenburg;5
2310;Ã–DP;Baden-WÃ_rttemberg;27
2312;pro Deutschland;Mecklenburg-Vorpommern;2
2313;SPD;Niedersachsen;2
2315;DIE LINKE;Berlin;3
2316;SPD;Baden-WÃ_rttemberg;23
2317;PIRATEN;Mecklenburg-Vorpommern;2
2319;DIE LINKE;Hessen;7
2320;Die PARTEI;Berlin;9
2321;FDP;Bayern;34
2322;CSU;Bayern;59
2323;CDU;Baden-WÃ_rttemberg;54
2324;SPD;Nordrhein-Westfalen;43
2326;Die PARTEI;Berlin;20
2327;SPD;Rheinland-Pfalz;32
2328;REP;Bayern;50
2329;CDU;Niedersachsen;28
2330;CDU;Schleswig-Holstein;16
2332;SPD;Niedersachsen;20
2333;PIRATEN;Schleswig-Holstein;5
2335;AfD;Niedersachsen;1
2336;SPD;ThÃ_ringen;12
2337;CDU;Berlin;5
2338;FDP;Nordrhein-Westfalen;46
2339;Die PARTEI;Berlin;30
2341;PIRATEN;Niedersachsen;10
2342;BÃ_ndnis21/RRP;Nordrhein-Westfalen;1
2343;CSU;Bayern;15
2345;CDU;Niedersachsen;35
2347;AfD;Baden-WÃ_rttemberg;26
2348;CDU;Nordrhein-Westfalen;28
2349;GRÃœNE;Sachsen-Anhalt;4
2350;PIRATEN;Baden-WÃ_rttemberg;10
2351;SPD;Niedersachsen;14
2354;MLPD;Sachsen-Anhalt;4
2355;REP;Nordrhein-Westfalen;12
2356;Ã–DP;Bayern;4
2358;DIE LINKE;Schleswig-Holstein;4
2359;VERNUNFT;Nordrhein-Westfalen;8
2360;FDP;Nordrhein-Westfalen;54
2361;Die PARTEI;Nordrhein-Westfalen;12
2362;SPD;Bayern;47
2365;Die PARTEI;Nordrhein-Westfalen;16
2366;FDP;Saarland;1
2367;GRÃœNE;Baden-WÃ_rttemberg;36
2368;DIE LINKE;Saarland;1
2369;GRÃœNE;Bayern;17
2370;NPD;Berlin;6
2371;SPD;Hessen;25
2372;AfD;Hamburg;3
2373;CDU;Baden-WÃ_rttemberg;9
2374;Die PARTEI;Nordrhein-Westfalen;50
2377;FREIE WÃ„HLER;Rheinland-Pfalz;16
2378;REP;Bayern;8
2381;AfD;Baden-WÃ_rttemberg;27
2382;CDU;Sachsen;12
2383;CDU;Nordrhein-Westfalen;38
2384;PIRATEN;Sachsen;2
2385;Ã–DP;ThÃ_ringen;4
2386;Ã–DP;ThÃ_ringen;19
2387;Ã–DP;ThÃ_ringen;1
2388;AfD;Baden-WÃ_rttemberg;12
2389;Ã–DP;Baden-WÃ_rttemberg;23
2390;BÃ_So;Bayern;4
2391;Ã–DP;Bayern;16
2392;REP;Berlin;6
2393;MLPD;Baden-WÃ_rttemberg;15
2394;CSU;Bayern;43
2395;AfD;Baden-WÃ_rttemberg;20
2396;GRÃœNE;Hessen;3
2397;CDU;Sachsen;1
2398;SPD;Baden-WÃ_rttemberg;27
2399;SPD;ThÃ_ringen;5
2400;FDP;Hessen;19
2401;AfD;Sachsen-Anhalt;5
2402;SPD;Schleswig-Holstein;8
2403;Tierschutzpartei;Schleswig-Holstein;1
2405;pro Deutschland;Brandenburg;1
2406;SPD;Niedersachsen;31
2407;CDU;Nordrhein-Westfalen;22
2408;Die PARTEI;Bremen;2
2409;NPD;Rheinland-Pfalz;5
2410;SPD;Rheinland-Pfalz;29
2411;SPD;Brandenburg;9
2412;REP;Nordrhein-Westfalen;1
2413;FREIE WÃ„HLER;Rheinland-Pfalz;6
2414;FDP;Hessen;13
2415;DIE LINKE;Schleswig-Holstein;2
2416;SPD;Bayern;24
2417;GRÃœNE;Nordrhein-Westfalen;32
2418;pro Deutschland;Niedersachsen;2
2419;BP;Bayern;11
2420;MLPD;Hessen;2
2422;SPD;Niedersachsen;6
2423;FREIE WÃ„HLER;Sachsen-Anhalt;4
2424;PIRATEN;Bayern;11
2425;FREIE WÃ„HLER;Baden-WÃ_rttemberg;4
2426;REP;Nordrhein-Westfalen;10
2427;NPD;Hessen;5
2428;PIRATEN;Baden-WÃ_rttemberg;4
2429;PIRATEN;Baden-WÃ_rttemberg;25
2432;SPD;Baden-WÃ_rttemberg;31
2433;CDU;Brandenburg;5
2434;CDU;Hamburg;6
2435;NPD;Saarland;1
2436;REP;Nordrhein-Westfalen;11
2438;SPD;Baden-WÃ_rttemberg;2
2439;MLPD;Nordrhein-Westfalen;16
2441;PIRATEN;Baden-WÃ_rttemberg;15
2442;NPD;Berlin;9
2443;CDU;Niedersachsen;18
2444;SPD;Baden-WÃ_rttemberg;4
2445;BÃ_So;Berlin;14
2446;FDP;Hessen;8
2449;DIE LINKE;Bremen;2
2450;PIRATEN;Rheinland-Pfalz;7
2451;AfD;Hessen;6
2452;CSU;Bayern;60
2453;Tierschutzpartei;Bremen;4
2454;AfD;Rheinland-Pfalz;5
2456;REP;Nordrhein-Westfalen;8
2457;DIE LINKE;Bayern;11
2458;FREIE WÃ„HLER;Baden-WÃ_rttemberg;12
2460;MLPD;Saarland;5
2461;FDP;Baden-WÃ_rttemberg;29
2462;AfD;Bayern;6
2463;GRÃœNE;Bayern;48
2464;DIE VIOLETTEN;Bayern;15
2466;BP;Bayern;18
2467;PIRATEN;Nordrhein-Westfalen;20
2468;MLPD;Rheinland-Pfalz;5
2469;NPD;Berlin;4
2470;BÃ_So;Berlin;18
2472;MLPD;Sachsen;6
2473;FREIE WÃ„HLER;Bayern;36
2474;Die PARTEI;Berlin;41
2475;CSU;Bayern;36
2476;CSU;Bayern;51
2477;REP;Baden-WÃ_rttemberg;3
2478;FDP;Bayern;2
2479;FDP;Rheinland-Pfalz;15
2480;FDP;Baden-WÃ_rttemberg;9
2481;SPD;Hessen;26
2482;CDU;Saarland;13
2483;Ã–DP;Bayern;17
2484;NPD;Nordrhein-Westfalen;3
2485;GRÃœNE;Saarland;7
2486;AfD;Saarland;4
2487;GRÃœNE;Sachsen;5
2489;CDU;Hessen;3
2490;MLPD;Nordrhein-Westfalen;7
2492;GRÃœNE;Niedersachsen;6
2493;AfD;Brandenburg;7
2495;PIRATEN;Berlin;10
2496;CDU;Niedersachsen;41
2498;SPD;Baden-WÃ_rttemberg;30
2499;DIE LINKE;Bremen;3
2500;GRÃœNE;Baden-WÃ_rttemberg;20
2502;FDP;Niedersachsen;15
2503;MLPD;Baden-WÃ_rttemberg;4
2504;FDP;Rheinland-Pfalz;21
2505;REP;Niedersachsen;6
2507;DIE LINKE;Berlin;9
2508;CDU;Mecklenburg-Vorpommern;1
2509;PIRATEN;Rheinland-Pfalz;10
2510;GRÃœNE;Bayern;39
2512;BIG;Berlin;3
2513;BIG;Baden-WÃ_rttemberg;3
2515;Die PARTEI;Hamburg;5
2517;GRÃœNE;Baden-WÃ_rttemberg;29
2518;SPD;Hessen;21
2520;AfD;Sachsen;2
2522;CDU;Rheinland-Pfalz;11
2523;FDP;Berlin;4
2525;AfD;ThÃ_ringen;4
2526;pro Deutschland;Brandenburg;6
2527;VERNUNFT;Rheinland-Pfalz;2
2528;AfD;Nordrhein-Westfalen;39
2529;GRÃœNE;Saarland;3
2530;MLPD;Hessen;4
2531;GRÃœNE;Sachsen;12
2533;FREIE WÃ„HLER;Baden-WÃ_rttemberg;20
2534;REP;Bayern;38
2535;CDU;Rheinland-Pfalz;31
2536;CDU;Hessen;23
2538;SPD;Schleswig-Holstein;15
2539;BÃ_So;Baden-WÃ_rttemberg;2
2540;MLPD;Schleswig-Holstein;1
2541;FDP;Hessen;21
2542;CSU;Bayern;54
2543;FDP;Saarland;10
2544;CDU;Hamburg;7
2545;NPD;Bayern;6
2547;CDU;Schleswig-Holstein;19
2548;CDU;Sachsen;3
2549;CSU;Bayern;14
2550;DIE LINKE;Niedersachsen;6
2551;BÃ_So;Bayern;12
2552;CDU;Niedersachsen;6
2553;SPD;Niedersachsen;11
2555;PBC;Niedersachsen;6
2556;FDP;Rheinland-Pfalz;8
2557;GRÃœNE;Nordrhein-Westfalen;7
2559;CDU;Baden-WÃ_rttemberg;30
2560;SPD;Berlin;4
2562;DIE LINKE;Nordrhein-Westfalen;24
2564;DIE LINKE;Baden-WÃ_rttemberg;9
2565;FREIE WÃ„HLER;Schleswig-Holstein;2
2566;MLPD;Bayern;13
2567;MLPD;Bayern;9
2568;BIG;Berlin;1
2569;CDU;Nordrhein-Westfalen;14
2570;SPD;Niedersachsen;4
2571;GRÃœNE;Nordrhein-Westfalen;30
2572;DIE LINKE;Schleswig-Holstein;9
2573;DIE LINKE;Brandenburg;10
2574;CDU;Baden-WÃ_rttemberg;53
2575;VERNUNFT;Nordrhein-Westfalen;3
2576;FREIE WÃ„HLER;Sachsen-Anhalt;12
2577;DIE LINKE;Schleswig-Holstein;1
2578;GRÃœNE;Niedersachsen;18
2579;SPD;Schleswig-Holstein;17
2580;GRÃœNE;Hessen;24
2581;MLPD;Schleswig-Holstein;2
2582;NPD;ThÃ_ringen;10
2583;NPD;Hamburg;5
2584;CDU;Nordrhein-Westfalen;46
2585;AfD;Baden-WÃ_rttemberg;28
2587;BÃ_So;Baden-WÃ_rttemberg;4
2588;BÃ_So;Baden-WÃ_rttemberg;3
2589;Tierschutzpartei;Niedersachsen;3
2590;FDP;Nordrhein-Westfalen;11
2591;DIE VIOLETTEN;Bayern;24
2592;CDU;Mecklenburg-Vorpommern;4
2593;GRÃœNE;Bayern;16
2595;NPD;ThÃ_ringen;5
2596;PIRATEN;Bayern;30
2597;SPD;Saarland;15
2599;SPD;Bayern;31
2601;CSU;Bayern;5
2602;CDU;Nordrhein-Westfalen;53
2603;AfD;Rheinland-Pfalz;21
2604;Ã–DP;Rheinland-Pfalz;15
2605;FDP;Rheinland-Pfalz;19
2606;CDU;Bremen;1
2607;GRÃœNE;Bayern;32
2608;FDP;Saarland;7
2609;FDP;Hessen;31
2610;AfD;Hessen;10
2611;DIE LINKE;Nordrhein-Westfalen;6
2612;CDU;Baden-WÃ_rttemberg;37
2613;SPD;Rheinland-Pfalz;13
2614;FDP;Baden-WÃ_rttemberg;22
2615;BIG;Baden-WÃ_rttemberg;9
2616;FDP;Sachsen;1
2619;AfD;Rheinland-Pfalz;16
2620;PIRATEN;Nordrhein-Westfalen;10
2621;FDP;Hessen;9
2622;DIE LINKE;Hessen;10
2624;SPD;Hessen;12
2626;CDU;Niedersachsen;7
2627;GRÃœNE;Mecklenburg-Vorpommern;3
2628;SPD;Sachsen;7
2629;CSU;Bayern;10
2632;PIRATEN;Bayern;21
2633;CDU;Berlin;10
2634;BÃ_So;Hessen;5
2635;PIRATEN;Rheinland-Pfalz;4
2636;REP;Brandenburg;1
2637;pro Deutschland;Saarland;4
2638;AfD;Rheinland-Pfalz;14
2639;AfD;Rheinland-Pfalz;1
2641;AfD;Saarland;7
2642;DIE FRAUEN;Bayern;8
2644;NPD;Mecklenburg-Vorpommern;4
2645;SPD;Saarland;11
2646;DIE LINKE;Brandenburg;6
2647;GRÃœNE;ThÃ_ringen;6
2648;FDP;Nordrhein-Westfalen;33
2649;FDP;Bayern;41
2650;AfD;Saarland;5
2652;PBC;Baden-WÃ_rttemberg;5
2653;CSU;Bayern;11
2654;Ã–DP;Bayern;6
2656;FREIE WÃ„HLER;Rheinland-Pfalz;18
2657;MLPD;Hessen;7
2658;GRÃœNE;Baden-WÃ_rttemberg;7
2660;FDP;Hamburg;1
2662;AfD;Schleswig-Holstein;23
2663;PIRATEN;Niedersachsen;13
2664;AfD;Hessen;7
2665;REP;Hessen;1
2666;SPD;Nordrhein-Westfalen;24
2667;AfD;Baden-WÃ_rttemberg;22
2668;FREIE WÃ„HLER;Rheinland-Pfalz;15
2669;SPD;Nordrhein-Westfalen;63
2670;DIE LINKE;Nordrhein-Westfalen;14
2671;FREIE WÃ„HLER;Bayern;15
2672;SPD;Baden-WÃ_rttemberg;29
2673;CDU;Schleswig-Holstein;8
2674;FREIE WÃ„HLER;Sachsen-Anhalt;5
2675;REP;Bayern;33
2676;GRÃœNE;Berlin;2
2678;BÃ_So;Berlin;13
2680;DIE LINKE;Hessen;4
2682;GRÃœNE;Nordrhein-Westfalen;39
2683;SPD;Rheinland-Pfalz;1
2685;FDP;Hessen;16
2686;PIRATEN;Rheinland-Pfalz;6
2687;Tierschutzpartei;Bayern;5
2689;Tierschutzpartei;Schleswig-Holstein;5
2692;SPD;Schleswig-Holstein;12
2693;FDP;Niedersachsen;20
2694;NPD;Baden-WÃ_rttemberg;3
2695;PIRATEN;Sachsen;3
2696;PIRATEN;Baden-WÃ_rttemberg;1
2698;DIE VIOLETTEN;Bayern;31
2699;DIE LINKE;Nordrhein-Westfalen;10
2701;GRÃœNE;Nordrhein-Westfalen;19
2702;FREIE WÃ„HLER;Bayern;9
2703;NPD;ThÃ_ringen;9
2704;CDU;ThÃ_ringen;10
2705;PIRATEN;Mecklenburg-Vorpommern;6
2706;REP;Berlin;1
2712;BP;Bayern;9
2713;SPD;Hessen;35
2714;REP;Baden-WÃ_rttemberg;5
2715;NPD;Rheinland-Pfalz;7
2716;FDP;Brandenburg;1
2717;Die PARTEI;Nordrhein-Westfalen;25
2718;BIG;Berlin;9
2719;MLPD;Schleswig-Holstein;3
2720;CDU;Rheinland-Pfalz;14
2721;GRÃœNE;Nordrhein-Westfalen;31
2723;FDP;Baden-WÃ_rttemberg;1
2725;Die PARTEI;Berlin;32
2726;DIE LINKE;Niedersachsen;12
2727;DIE LINKE;Niedersachsen;10
2728;DIE VIOLETTEN;Bayern;7
2729;Ã–DP;Bayern;18
2730;SPD;Nordrhein-Westfalen;5
2732;PIRATEN;Nordrhein-Westfalen;23
2733;SPD;Hessen;8
2734;FREIE WÃ„HLER;Baden-WÃ_rttemberg;7
2735;FDP;ThÃ_ringen;4
2737;pro Deutschland;Saarland;2
2738;AfD;Schleswig-Holstein;21
2739;PIRATEN;Niedersachsen;2
2740;SPD;Rheinland-Pfalz;22
2741;FDP;Hessen;7
2742;BÃ_ndnis21/RRP;Nordrhein-Westfalen;2
2743;CDU;Nordrhein-Westfalen;12
2744;PIRATEN;Nordrhein-Westfalen;16
2745;DIE LINKE;Brandenburg;2
2747;NPD;Schleswig-Holstein;4
2748;AfD;Bayern;42
2749;CDU;Hessen;31
2750;DIE LINKE;ThÃ_ringen;8
2752;GRÃœNE;Schleswig-Holstein;2
2753;GRÃœNE;Hessen;2
2754;CDU;Nordrhein-Westfalen;44
2755;Die PARTEI;Berlin;19
2756;REP;Hessen;5
2758;SPD;Bayern;33
2759;CSU;Bayern;25
2760;CSU;Bayern;50
2761;CDU;Saarland;19
2763;SPD;Hamburg;5
2764;FREIE WÃ„HLER;Hessen;7
2765;Volksabstimmung;Nordrhein-Westfalen;2
2766;DIE VIOLETTEN;Bayern;3
2767;CDU;Nordrhein-Westfalen;54
2769;MLPD;Sachsen-Anhalt;2
2770;FDP;Hamburg;6
2771;GRÃœNE;Baden-WÃ_rttemberg;2
2772;SPD;Nordrhein-Westfalen;60
2773;CDU;Berlin;13
2774;SPD;Hamburg;1
2775;BIG;Berlin;8
2776;FDP;Brandenburg;9
2781;CSU;Bayern;42
2782;NPD;Bayern;4
2784;BÃ_ndnis21/RRP;Bayern;8
2785;RENTNER;Schleswig-Holstein;3
2786;SPD;Niedersachsen;3
2787;FREIE WÃ„HLER;Nordrhein-Westfalen;14
2788;PIRATEN;Rheinland-Pfalz;8
2791;BÃ_So;Baden-WÃ_rttemberg;1
2793;GRÃœNE;Nordrhein-Westfalen;12
2794;FDP;Sachsen-Anhalt;4
2796;GRÃœNE;Sachsen-Anhalt;5
2797;CDU;Nordrhein-Westfalen;36
2799;GRÃœNE;Nordrhein-Westfalen;18
2800;CDU;Niedersachsen;12
2801;FDP;Bayern;37
2802;AfD;Bayern;8
2803;REP;Hessen;2
2805;GRÃœNE;Berlin;4
2806;CDU;Hessen;25
2807;pro Deutschland;Berlin;5
2808;PIRATEN;Berlin;1
2812;NPD;Schleswig-Holstein;3
2813;BÃ_ndnis21/RRP;Bayern;7
2814;FDP;Bayern;29
2815;CDU;Berlin;7
2816;Die PARTEI;Berlin;43
2817;CDU;Niedersachsen;14
2818;NPD;Hessen;3
2819;GRÃœNE;Niedersachsen;12
2820;REP;Baden-WÃ_rttemberg;8
2821;NPD;Mecklenburg-Vorpommern;11
2822;Tierschutzpartei;Niedersachsen;2
2824;CDU;Nordrhein-Westfalen;45
2826;SPD;Bayern;28
2827;FDP;Hamburg;5
2829;SPD;Bayern;27
2830;FREIE WÃ„HLER;Berlin;4
2831;SPD;Niedersachsen;13
2832;NPD;Mecklenburg-Vorpommern;6
2833;NPD;Mecklenburg-Vorpommern;1
2834;AfD;Nordrhein-Westfalen;32
2835;CDU;Brandenburg;10
2837;DIE LINKE;Berlin;2
2838;SPD;Hessen;41
2839;MLPD;Baden-WÃ_rttemberg;13
2841;BÃ_So;Sachsen;10
2842;AfD;Niedersachsen;3
2843;GRÃœNE;Rheinland-Pfalz;13
2844;REP;Baden-WÃ_rttemberg;19
2845;FDP;Bayern;31
2847;GRÃœNE;Berlin;3
2849;SPD;Schleswig-Holstein;11
2850;BÃ_So;Baden-WÃ_rttemberg;6
2851;CDU;Niedersachsen;36
2852;Ã–DP;Nordrhein-Westfalen;13
2854;FREIE WÃ„HLER;Bayern;22
2855;MLPD;Niedersachsen;4
2856;MLPD;Niedersachsen;1
2857;GRÃœNE;Berlin;9
2858;SPD;ThÃ_ringen;10
2861;REP;Bayern;11
2862;FDP;Nordrhein-Westfalen;21
2863;Ã–DP;Bayern;19
2864;PIRATEN;Berlin;11
2865;FDP;Bayern;46
2866;AfD;Bayern;33
2869;NichtwÃ_hler;Nordrhein-Westfalen;1
2870;AfD;Rheinland-Pfalz;24
2872;BÃ_So;Nordrhein-Westfalen;11
2873;SPD;Saarland;4
2874;AfD;Sachsen;1
2875;FREIE WÃ„HLER;Rheinland-Pfalz;2
2876;CDU;Sachsen-Anhalt;3
2877;DIE LINKE;Brandenburg;4
2878;PIRATEN;Mecklenburg-Vorpommern;4
2879;PIRATEN;Sachsen;8
2880;DIE LINKE;Sachsen;13
2883;RENTNER;Hamburg;1
2885;CDU;Hessen;8
2886;FDP;Hessen;6
2889;GRÃœNE;Bayern;23
2890;NPD;Rheinland-Pfalz;4
2891;MLPD;Nordrhein-Westfalen;3
2893;DIE LINKE;Baden-WÃ_rttemberg;6
2894;SPD;Mecklenburg-Vorpommern;3
2895;BP;Bayern;14
2896;FDP;Nordrhein-Westfalen;28
2897;NPD;ThÃ_ringen;11
2898;BÃ_So;Hessen;10
2900;Ã–DP;Rheinland-Pfalz;13
2901;pro Deutschland;Baden-WÃ_rttemberg;3
2902;FDP;Sachsen-Anhalt;1
2903;PIRATEN;Schleswig-Holstein;4
2904;NichtwÃ_hler;Nordrhein-Westfalen;2
2905;FREIE WÃ„HLER;Rheinland-Pfalz;9
2907;SPD;Rheinland-Pfalz;8
2908;FDP;Nordrhein-Westfalen;3
2909;GRÃœNE;Baden-WÃ_rttemberg;31
2910;Tierschutzpartei;Bremen;3
2912;DIE LINKE;Baden-WÃ_rttemberg;4
2913;PIRATEN;Berlin;5
2914;Volksabstimmung;Nordrhein-Westfalen;4
2915;GRÃœNE;Bayern;18
2916;GRÃœNE;Bayern;43
2917;GRÃœNE;Brandenburg;3
2920;GRÃœNE;Berlin;11
2923;DIE RECHTE;Nordrhein-Westfalen;1
2924;FDP;Bayern;33
2925;DIE LINKE;Hessen;12
2926;VERNUNFT;Bayern;10
2927;CDU;Nordrhein-Westfalen;2
2928;SPD;Rheinland-Pfalz;19
2930;PIRATEN;Berlin;4
2931;Ã–DP;Nordrhein-Westfalen;19
2932;CDU;Mecklenburg-Vorpommern;7
2933;FDP;Nordrhein-Westfalen;14
2934;PIRATEN;Bremen;1
2935;CDU;Niedersachsen;16
2938;Die PARTEI;Hessen;6
2940;DIE FRAUEN;Bayern;9
2941;FREIE WÃ„HLER;Nordrhein-Westfalen;8
2942;Ã–DP;Hamburg;5
2943;BÃ_So;Berlin;10
2944;PIRATEN;Bayern;3
2945;pro Deutschland;Hessen;3
2946;SPD;Nordrhein-Westfalen;22
2947;SPD;Nordrhein-Westfalen;55
2948;SPD;Nordrhein-Westfalen;9
2949;SPD;Bayern;17
2950;AfD;Schleswig-Holstein;12
2952;GRÃœNE;Niedersachsen;5
2953;Ã–DP;Nordrhein-Westfalen;6
2954;PIRATEN;Nordrhein-Westfalen;15
2955;FDP;Nordrhein-Westfalen;52
2957;FREIE WÃ„HLER;Niedersachsen;13
2958;MLPD;Bayern;8
2960;SPD;Nordrhein-Westfalen;57
2961;PIRATEN;Baden-WÃ_rttemberg;22
2962;AfD;Nordrhein-Westfalen;31
2964;Die PARTEI;Nordrhein-Westfalen;5
2965;NPD;Niedersachsen;5
2967;DIE LINKE;Hessen;15
2968;SPD;Niedersachsen;27
2970;PIRATEN;Baden-WÃ_rttemberg;3
2971;FDP;Bayern;25
2972;DIE VIOLETTEN;Bayern;37
2973;Tierschutzpartei;Niedersachsen;5
2974;Tierschutzpartei;Niedersachsen;4
2975;AfD;Bayern;29
2976;SPD;Bayern;1
2977;AfD;Bayern;13
2978;PIRATEN;Sachsen;13
2981;SPD;Saarland;8
2982;VERNUNFT;Bayern;13
2983;FREIE WÃ„HLER;Brandenburg;7
2985;FDP;Bayern;30
2987;Ã–DP;Baden-WÃ_rttemberg;21
2988;FREIE WÃ„HLER;ThÃ_ringen;6
2989;GRÃœNE;Rheinland-Pfalz;7
2990;FDP;Baden-WÃ_rttemberg;20
2991;GRÃœNE;Bayern;19
2992;SPD;Hessen;9
2993;SPD;Sachsen;2
2994;SPD;Hessen;11
2995;CDU;Saarland;6
2998;CDU;Nordrhein-Westfalen;11
2999;REP;Bayern;23
3000;pro Deutschland;Sachsen;2
3001;FDP;Nordrhein-Westfalen;31
3002;DIE LINKE;Baden-WÃ_rttemberg;8
3003;CDU;Nordrhein-Westfalen;40
3006;AfD;Brandenburg;4
3009;DIE VIOLETTEN;Bayern;8
3010;Die PARTEI;Nordrhein-Westfalen;31
3011;CSU;Bayern;3
3012;AfD;Nordrhein-Westfalen;15
3013;CDU;Hessen;42
3016;GRÃœNE;Bayern;36
3017;MLPD;Baden-WÃ_rttemberg;18
3018;AfD;Bayern;39
3019;FDP;Brandenburg;4
3020;FDP;Niedersachsen;7
3023;CDU;Nordrhein-Westfalen;60
3025;REP;Berlin;3
3026;FDP;Bayern;38
3027;SPD;Berlin;3
3028;PBC;Baden-WÃ_rttemberg;3
3029;SPD;Baden-WÃ_rttemberg;15
3030;AfD;Niedersachsen;5
3031;Ã–DP;Bayern;20
3032;SPD;Sachsen;14
3033;CDU;Niedersachsen;42
3035;NPD;Berlin;10
3036;CDU;Mecklenburg-Vorpommern;2
3038;PIRATEN;Rheinland-Pfalz;11
3039;FREIE WÃ„HLER;Bayern;30
3040;Ã–DP;Sachsen-Anhalt;1
3041;FDP;Hamburg;9
3042;GRÃœNE;Schleswig-Holstein;7
3043;CDU;Brandenburg;2
3045;FREIE WÃ„HLER;ThÃ_ringen;11
3046;CDU;Sachsen;13
3047;FDP;Niedersachsen;12
3048;SPD;Hessen;5
3051;PIRATEN;Bayern;10
3052;FDP;Hessen;20
3053;SPD;Niedersachsen;12
3054;Tierschutzpartei;Bayern;7
3055;SPD;Schleswig-Holstein;14
3057;CDU;Baden-WÃ_rttemberg;49
3058;Ã–DP;Bayern;21
3059;SPD;Hessen;34
3060;FDP;Baden-WÃ_rttemberg;10
3061;MLPD;ThÃ_ringen;2
3063;FDP;Sachsen;5
3064;FDP;Mecklenburg-Vorpommern;1
3065;DIE LINKE;Sachsen-Anhalt;7
3066;AfD;Sachsen-Anhalt;10
3068;GRÃœNE;Baden-WÃ_rttemberg;24
3069;Tierschutzpartei;Bayern;8
3071;pro Deutschland;Rheinland-Pfalz;3
3072;FREIE WÃ„HLER;Hessen;5
3073;Die PARTEI;Nordrhein-Westfalen;34
3074;DIE LINKE;Nordrhein-Westfalen;18
3076;SPD;Saarland;10
3078;AfD;Nordrhein-Westfalen;7
3079;DIE LINKE;ThÃ_ringen;3
3080;MLPD;Sachsen-Anhalt;7
3081;GRÃœNE;Brandenburg;2
3083;GRÃœNE;Bremen;4
3086;CDU;Sachsen;18
3087;VERNUNFT;Baden-WÃ_rttemberg;10
3089;Ã–DP;Baden-WÃ_rttemberg;1
3090;NPD;ThÃ_ringen;3
3091;BÃ_ndnis21/RRP;Nordrhein-Westfalen;7
3092;NPD;Bayern;1
3093;DIE VIOLETTEN;Bayern;9
3094;FDP;Nordrhein-Westfalen;25
3095;NPD;Saarland;3
3096;FDP;Sachsen;8
3098;SPD;Niedersachsen;34
3099;SPD;Niedersachsen;10
3101;FREIE WÃ„HLER;Mecklenburg-Vorpommern;9
3102;Ã–DP;Nordrhein-Westfalen;22
3103;CSU;Bayern;69
3104;AfD;ThÃ_ringen;5
3105;AfD;Bayern;27
3107;NPD;Rheinland-Pfalz;1
3108;GRÃœNE;Brandenburg;6
3110;FREIE WÃ„HLER;Bayern;27
3111;AfD;Baden-WÃ_rttemberg;25
3112;REP;ThÃ_ringen;4
3113;AfD;Hamburg;4
3115;FREIE WÃ„HLER;Hessen;9
3116;CSU;Bayern;64
3117;NPD;Niedersachsen;10
3118;CDU;Hessen;6
3119;SPD;Baden-WÃ_rttemberg;28
3120;GRÃœNE;Berlin;5
3121;PIRATEN;Bayern;23
3122;SPD;Rheinland-Pfalz;21
3123;SPD;Nordrhein-Westfalen;19
3125;SPD;Hessen;37
3126;PSG;Berlin;1
3127;CDU;Baden-WÃ_rttemberg;20
3129;AfD;Baden-WÃ_rttemberg;4
3130;DIE LINKE;Schleswig-Holstein;11
3131;FDP;Nordrhein-Westfalen;49
3132;SPD;Schleswig-Holstein;3
3135;SPD;Niedersachsen;49
3136;SPD;Nordrhein-Westfalen;34
3137;REP;Rheinland-Pfalz;2
3138;AfD;Nordrhein-Westfalen;24
3139;Ã–DP;Bayern;22
3141;DIE VIOLETTEN;Bayern;4
3142;PIRATEN;Nordrhein-Westfalen;18
3144;AfD;Bayern;19
3145;CDU;Saarland;17
3146;VERNUNFT;Rheinland-Pfalz;4
3147;Ã–DP;ThÃ_ringen;14
3148;Tierschutzpartei;Bayern;1
3150;CDU;Niedersachsen;30
3151;FDP;Niedersachsen;1
3152;SPD;Nordrhein-Westfalen;46
3153;Die PARTEI;Hessen;5
3154;GRÃœNE;Rheinland-Pfalz;1
3155;BÃ_ndnis21/RRP;Nordrhein-Westfalen;6
3157;Die PARTEI;Nordrhein-Westfalen;46
3159;PIRATEN;Bayern;6
3160;FREIE WÃ„HLER;Bayern;5
3161;Ã–DP;Berlin;2
3162;PIRATEN;Nordrhein-Westfalen;9
3163;SPD;Niedersachsen;15
3165;CDU;Bremen;3
3166;PIRATEN;Berlin;3
3168;NPD;Brandenburg;8
3169;Ã–DP;Nordrhein-Westfalen;4
3170;GRÃœNE;Baden-WÃ_rttemberg;34
3171;AfD;Nordrhein-Westfalen;27
3172;GRÃœNE;Hessen;16
3174;NPD;Bremen;2
3175;DIE LINKE;Hamburg;7
3177;Ã–DP;ThÃ_ringen;9
3178;PIRATEN;ThÃ_ringen;9
3179;SPD;Hamburg;12
3180;SPD;Baden-WÃ_rttemberg;17
3181;SPD;Schleswig-Holstein;19
3182;GRÃœNE;Baden-WÃ_rttemberg;23
3184;VERNUNFT;Baden-WÃ_rttemberg;2
3185;SPD;Schleswig-Holstein;1
3186;CDU;Schleswig-Holstein;18
3187;FREIE WÃ„HLER;Niedersachsen;12
3188;NPD;Bayern;3
3189;CDU;ThÃ_ringen;13
3190;DIE RECHTE;Nordrhein-Westfalen;4
3191;FDP;Bayern;39
3192;GRÃœNE;Bayern;1
3193;MLPD;Hessen;6
3194;SPD;Hessen;1
3196;PIRATEN;Baden-WÃ_rttemberg;16
3198;SPD;Hessen;19
3199;AfD;Nordrhein-Westfalen;5
3201;PBC;Baden-WÃ_rttemberg;2
3202;pro Deutschland;Nordrhein-Westfalen;1
3204;FREIE WÃ„HLER;Baden-WÃ_rttemberg;10
3205;GRÃœNE;Mecklenburg-Vorpommern;10
3207;CDU;Nordrhein-Westfalen;63
3209;CDU;Rheinland-Pfalz;9
3210;GRÃœNE;Rheinland-Pfalz;3
3211;MLPD;Baden-WÃ_rttemberg;9
3212;CDU;Sachsen;19
3213;SPD;Sachsen;6
3214;SPD;Bayern;9
3215;pro Deutschland;Brandenburg;5
3216;FDP;Nordrhein-Westfalen;43
3217;SPD;Brandenburg;11
3218;REP;Bayern;34
3219;REP;Hessen;3
3220;AfD;Niedersachsen;12
3223;FDP;Hessen;2
3224;CSU;Bayern;22
3225;MLPD;Bayern;3
3226;PIRATEN;Hessen;2
3227;AfD;Schleswig-Holstein;18
3231;AfD;Brandenburg;3
3233;SPD;Bremen;2
3234;VERNUNFT;Nordrhein-Westfalen;1
3235;SPD;Niedersachsen;23
3236;SPD;Baden-WÃ_rttemberg;40
3237;Ã–DP;Sachsen-Anhalt;5
3239;FDP;Baden-WÃ_rttemberg;14
3240;NPD;Hessen;2
3241;FDP;Hessen;3
3242;BIG;Nordrhein-Westfalen;7
3243;AfD;Schleswig-Holstein;13
3244;PSG;Berlin;3
3245;BIG;Baden-WÃ_rttemberg;7
3247;PIRATEN;Nordrhein-Westfalen;25
3248;pro Deutschland;Rheinland-Pfalz;1
3250;FDP;Hessen;33
3251;FDP;Rheinland-Pfalz;17
3252;AfD;Bayern;18
3254;REP;Bayern;35
3255;PIRATEN;Nordrhein-Westfalen;13
3257;SPD;Niedersachsen;40
3258;BIG;Berlin;6
3259;GRÃœNE;Hamburg;2
3260;FREIE WÃ„HLER;Sachsen;2
3261;DIE LINKE;Mecklenburg-Vorpommern;7
3262;NPD;Hamburg;4
3263;BÃ_ndnis21/RRP;Bremen;2
3264;FDP;Baden-WÃ_rttemberg;21
3265;REP;Niedersachsen;5
3266;CSU;Bayern;61
3267;FDP;Baden-WÃ_rttemberg;31
3268;MLPD;Niedersachsen;5
3269;BIG;Nordrhein-Westfalen;5
3270;DIE LINKE;Berlin;10
3271;SPD;Baden-WÃ_rttemberg;14
3272;GRÃœNE;Bremen;3
3273;SPD;Hessen;20
3274;AfD;Brandenburg;9
3275;SPD;Hessen;13
3276;AfD;Bayern;16
3277;FDP;Mecklenburg-Vorpommern;6
3280;CDU;Rheinland-Pfalz;6
3281;SPD;Nordrhein-Westfalen;53
3282;AfD;Bremen;1
3285;CDU;Rheinland-Pfalz;36
3286;NPD;Sachsen-Anhalt;10
3287;GRÃœNE;Berlin;8
3289;AfD;Bayern;2
3290;FDP;Hessen;35
3291;VERNUNFT;Baden-WÃ_rttemberg;1
3292;CDU;ThÃ_ringen;15
3293;FDP;Nordrhein-Westfalen;5
3294;SPD;Baden-WÃ_rttemberg;32
3296;CDU;Baden-WÃ_rttemberg;1
3297;MLPD;Rheinland-Pfalz;4
3299;FREIE WÃ„HLER;Nordrhein-Westfalen;6
3301;AfD;Bayern;21
3302;AfD;Bayern;15
3303;Ã–DP;Rheinland-Pfalz;4
3304;GRÃœNE;Baden-WÃ_rttemberg;32
3305;GRÃœNE;Niedersachsen;20
3306;REP;Bayern;47
3307;GRÃœNE;Bayern;5
3308;AfD;Nordrhein-Westfalen;42
3310;Ã–DP;Nordrhein-Westfalen;12
3311;FDP;Nordrhein-Westfalen;26
3312;GRÃœNE;Nordrhein-Westfalen;13
3313;CDU;Baden-WÃ_rttemberg;2
3314;REP;Bayern;15
3316;Die PARTEI;Hessen;2
3317;AfD;Brandenburg;2
3319;SPD;Schleswig-Holstein;6
3320;SPD;Berlin;11
3323;SPD;Rheinland-Pfalz;16
3324;VERNUNFT;Nordrhein-Westfalen;6
3325;REP;Bayern;30
3328;FDP;Rheinland-Pfalz;13
3330;MLPD;Baden-WÃ_rttemberg;3
3332;AfD;Bremen;4
3333;AfD;Hessen;13
3334;CDU;Hessen;40
3336;DIE FRAUEN;Bayern;2
3337;CDU;Niedersachsen;38
3338;REP;Baden-WÃ_rttemberg;9
3339;FDP;ThÃ_ringen;5
3340;AfD;Nordrhein-Westfalen;23
3341;DIE LINKE;Hessen;9
3344;GRÃœNE;Hessen;17
3345;DIE LINKE;Hessen;5
3346;CSU;Bayern;13
3347;FREIE WÃ„HLER;Niedersachsen;7
3348;GRÃœNE;Baden-WÃ_rttemberg;4
3349;PIRATEN;Niedersachsen;1
3350;SPD;Bayern;6
3351;SPD;Nordrhein-Westfalen;7
3352;FDP;Nordrhein-Westfalen;15
3354;SPD;Bayern;44
3355;GRÃœNE;Hessen;22
3356;DIE VIOLETTEN;Bayern;13
3358;PIRATEN;Nordrhein-Westfalen;12
3359;Die PARTEI;Nordrhein-Westfalen;48
3360;Ã–DP;Rheinland-Pfalz;3
3361;MLPD;Mecklenburg-Vorpommern;1
3363;FDP;Niedersachsen;17
3364;BÃ_ndnis21/RRP;Nordrhein-Westfalen;4
3365;CDU;Brandenburg;8
3366;DIE LINKE;Baden-WÃ_rttemberg;16
3369;Ã–DP;Bayern;2
3370;REP;Bayern;44
3371;DIE VIOLETTEN;Bayern;14
3372;DIE LINKE;Sachsen-Anhalt;6
3373;CDU;Rheinland-Pfalz;4
3374;Ã–DP;Baden-WÃ_rttemberg;7
3375;CDU;ThÃ_ringen;5
3378;MLPD;Berlin;3
3379;GRÃœNE;Baden-WÃ_rttemberg;16
3380;SPD;Hamburg;9
3382;VERNUNFT;Bayern;14
3383;SPD;Bayern;49
3384;DIE LINKE;Baden-WÃ_rttemberg;1
3385;SPD;Niedersachsen;30
3386;SPD;Baden-WÃ_rttemberg;20
3388;FREIE WÃ„HLER;Rheinland-Pfalz;3
3389;pro Deutschland;Mecklenburg-Vorpommern;5
3391;DIE LINKE;Nordrhein-Westfalen;21
3393;REP;Baden-WÃ_rttemberg;2
3394;Ã–DP;Bayern;23
3395;MLPD;Nordrhein-Westfalen;19
3396;Die PARTEI;Nordrhein-Westfalen;30
3397;Die PARTEI;Nordrhein-Westfalen;10
3398;Die PARTEI;Nordrhein-Westfalen;36
3399;Die PARTEI;Nordrhein-Westfalen;35
3400;Die PARTEI;Nordrhein-Westfalen;52
3401;Tierschutzpartei;Schleswig-Holstein;3
3403;PBC;Niedersachsen;3
3404;REP;Bayern;24
3405;FREIE WÃ„HLER;Nordrhein-Westfalen;12
3406;MLPD;Berlin;1
3407;FDP;Hessen;26
3408;MLPD;Berlin;6
3409;DIE LINKE;Bayern;19
3410;CSU;Bayern;70
3411;GRÃœNE;Bayern;52
3412;CSU;Bayern;58
3413;CDU;Niedersachsen;26
3414;CDU;Baden-WÃ_rttemberg;43
3415;PIRATEN;Bayern;18
3416;GRÃœNE;Bayern;51
3417;REP;Rheinland-Pfalz;8
3418;CSU;Bayern;9
3419;SPD;Hessen;6
3421;SPD;Sachsen-Anhalt;5
3422;GRÃœNE;Nordrhein-Westfalen;4
3423;NPD;Baden-WÃ_rttemberg;2
3424;GRÃœNE;Rheinland-Pfalz;10
3425;CDU;Baden-WÃ_rttemberg;13
3427;CDU;Sachsen;14
3428;GRÃœNE;Bayern;46
3429;pro Deutschland;Bayern;3
3430;MLPD;Bayern;10
3431;SPD;Berlin;8
3433;pro Deutschland;Sachsen;1
3434;REP;Berlin;4
3435;DIE VIOLETTEN;Bayern;30
3437;DIE LINKE;Sachsen;12
3439;GRÃœNE;Bayern;10
3440;FREIE WÃ„HLER;Sachsen;5
3442;SPD;Nordrhein-Westfalen;10
3443;FDP;Hessen;28
3444;CDU;Niedersachsen;33
3445;NPD;Berlin;2
3446;DIE FRAUEN;Bayern;4
3448;GRÃœNE;Saarland;4
3449;Die PARTEI;Hessen;1
3450;Ã–DP;Rheinland-Pfalz;14
3451;PIRATEN;Rheinland-Pfalz;9
3452;CDU;Baden-WÃ_rttemberg;19
3453;CDU;Saarland;15
3454;SPD;Rheinland-Pfalz;35
3456;CDU;Bremen;4
3457;CDU;Baden-WÃ_rttemberg;45
3458;SPD;Hessen;44
3459;Die PARTEI;Berlin;26
3460;FDP;Schleswig-Holstein;8
3461;PIRATEN;Sachsen;11
3462;SPD;ThÃ_ringen;1
3463;REP;ThÃ_ringen;3
3464;AfD;Baden-WÃ_rttemberg;3
3465;Ã–DP;Rheinland-Pfalz;2
3466;FDP;Nordrhein-Westfalen;44
3467;FREIE WÃ„HLER;Baden-WÃ_rttemberg;19
3469;CDU;Saarland;12
3470;Ã–DP;Sachsen-Anhalt;4
3471;GRÃœNE;Nordrhein-Westfalen;24
3472;DIE LINKE;ThÃ_ringen;6
3473;FREIE WÃ„HLER;Sachsen-Anhalt;10
3474;PIRATEN;Sachsen;12
3475;GRÃœNE;Baden-WÃ_rttemberg;12
3476;Ã–DP;Berlin;5
3477;CDU;Rheinland-Pfalz;10
3478;FDP;Bayern;24
3479;NPD;Nordrhein-Westfalen;4
3480;FDP;Hessen;5
3481;SPD;Nordrhein-Westfalen;32
3484;Ã–DP;Bayern;24
3485;CDU;Saarland;2
3486;BÃ_ndnis21/RRP;Bayern;11
3487;FDP;Sachsen;14
3488;Die PARTEI;Hamburg;16
3489;REP;Bayern;4
3491;BP;Bayern;8
3492;Ã–DP;ThÃ_ringen;7
3493;Die PARTEI;Hessen;4
3494;FREIE WÃ„HLER;ThÃ_ringen;4
3495;Die PARTEI;Berlin;34
3496;FREIE WÃ„HLER;Hessen;3
3497;SPD;Niedersachsen;33
3498;FDP;Bremen;4
3499;DIE LINKE;Hessen;13
3500;SPD;Niedersachsen;42
3502;SPD;Bayern;30
3503;PIRATEN;Nordrhein-Westfalen;22
3505;FDP;Baden-WÃ_rttemberg;36
3506;AfD;Bayern;37
3507;FDP;Niedersachsen;19
3509;NPD;Sachsen;5
3510;PIRATEN;ThÃ_ringen;3
3511;BÃ_So;Baden-WÃ_rttemberg;5
3513;SPD;Bayern;23
3515;CDU;Hessen;2
3516;CDU;Schleswig-Holstein;2
3519;FREIE WÃ„HLER;Nordrhein-Westfalen;5
3520;Die PARTEI;Berlin;25
3523;Die PARTEI;Berlin;50
3525;GRÃœNE;Bayern;34
3526;DIE LINKE;Sachsen;11
3528;PIRATEN;ThÃ_ringen;2
3529;REP;Bayern;9
3530;GRÃœNE;Bayern;47
3531;FREIE WÃ„HLER;Schleswig-Holstein;1
3532;pro Deutschland;Baden-WÃ_rttemberg;4
3533;Die PARTEI;Hamburg;3
3534;AfD;Bayern;7
3535;FDP;Bayern;23
3536;SPD;Niedersachsen;44
3538;NPD;Bayern;2
3539;FDP;Mecklenburg-Vorpommern;9
3540;SPD;Niedersachsen;58
3541;NPD;Baden-WÃ_rttemberg;1
3543;Ã–DP;Baden-WÃ_rttemberg;24
3544;Die PARTEI;Hamburg;17
3545;PIRATEN;Mecklenburg-Vorpommern;9
3547;PIRATEN;Saarland;3
3550;Die PARTEI;Nordrhein-Westfalen;3
3551;FDP;Nordrhein-Westfalen;53
3552;DIE LINKE;Bremen;4
3554;SPD;Nordrhein-Westfalen;14
3555;CDU;Nordrhein-Westfalen;16
3557;NPD;Nordrhein-Westfalen;9
3558;DIE LINKE;Hamburg;6
3559;DIE LINKE;Schleswig-Holstein;8
3560;FDP;Bayern;5
3561;BÃ_So;Berlin;11
3562;FREIE WÃ„HLER;Niedersachsen;10
3563;FREIE WÃ„HLER;Hessen;12
3564;SPD;Berlin;2
3565;GRÃœNE;Hessen;5
3567;PIRATEN;Schleswig-Holstein;1
3568;CDU;Brandenburg;7
3569;MLPD;Mecklenburg-Vorpommern;5
3572;REP;Nordrhein-Westfalen;7
3573;CDU;Baden-WÃ_rttemberg;48
3578;MLPD;Sachsen-Anhalt;9
3579;Die PARTEI;Nordrhein-Westfalen;2
3580;CDU;Nordrhein-Westfalen;43
3581;FREIE WÃ„HLER;Baden-WÃ_rttemberg;8
3582;AfD;Baden-WÃ_rttemberg;6
3583;SPD;Bayern;7
3584;PIRATEN;Sachsen-Anhalt;2
3585;CDU;Hessen;33
3587;FDP;Bayern;4
3588;Ã–DP;Berlin;1
3589;SPD;Nordrhein-Westfalen;47
3591;MLPD;Baden-WÃ_rttemberg;10
3593;MLPD;Saarland;1
3594;SPD;Niedersachsen;28
3595;FDP;Hamburg;8
3596;SPD;Nordrhein-Westfalen;44
3597;SPD;Bayern;19
3598;FREIE WÃ„HLER;Sachsen-Anhalt;8
3599;PIRATEN;Baden-WÃ_rttemberg;5
3600;FAMILIE;Saarland;3
3602;BP;Bayern;2
3603;CSU;Bayern;55
3604;GRÃœNE;Rheinland-Pfalz;12
3605;DIE LINKE;Bayern;12
3606;SPD;Baden-WÃ_rttemberg;10
3607;FDP;Bayern;40
3608;CDU;Berlin;6
3610;CDU;Schleswig-Holstein;14
3611;AfD;Schleswig-Holstein;24
3612;DIE LINKE;Nordrhein-Westfalen;22
3613;FDP;Baden-WÃ_rttemberg;8
3614;Ã–DP;Bayern;5
3615;PIRATEN;Berlin;12
3616;MLPD;Nordrhein-Westfalen;13
3618;MLPD;Nordrhein-Westfalen;17
3624;CDU;Baden-WÃ_rttemberg;31
3625;PIRATEN;Hamburg;1
3626;pro Deutschland;Niedersachsen;1
3627;AfD;Bayern;10
3628;CDU;Rheinland-Pfalz;35
3629;DIE LINKE;Bayern;6
3632;GRÃœNE;Mecklenburg-Vorpommern;2
3633;FDP;Niedersachsen;9
3635;REP;Baden-WÃ_rttemberg;4
3636;pro Deutschland;Berlin;1
3637;FREIE WÃ„HLER;Bayern;43
3638;FDP;Bayern;26
3639;PIRATEN;Schleswig-Holstein;7
3640;DIE LINKE;Schleswig-Holstein;12
3641;CDU;Nordrhein-Westfalen;49
3643;REP;Bayern;3
3644;DIE LINKE;Sachsen;10
3645;AfD;Bremen;3
3646;AfD;Brandenburg;11
3647;CDU;Baden-WÃ_rttemberg;36
3648;PIRATEN;Nordrhein-Westfalen;4
3649;FDP;Bayern;44
3650;CDU;Baden-WÃ_rttemberg;33
3651;GRÃœNE;Bayern;29
3653;Ã–DP;Sachsen-Anhalt;2
3655;CDU;ThÃ_ringen;7
3656;FREIE WÃ„HLER;Hessen;14
3657;VERNUNFT;Rheinland-Pfalz;3
3658;PIRATEN;Hessen;4
3663;Die PARTEI;Berlin;7
3664;SPD;Saarland;7
3665;MLPD;Baden-WÃ_rttemberg;17
3666;PIRATEN;Berlin;2
3668;DIE LINKE;Bayern;17
3669;GRÃœNE;Baden-WÃ_rttemberg;25
3670;CDU;Hessen;4
3671;pro Deutschland;Bremen;1
3672;AfD;Rheinland-Pfalz;18
3674;AfD;Rheinland-Pfalz;9
3675;SPD;Bremen;1
3676;VERNUNFT;Nordrhein-Westfalen;13
3677;Die PARTEI;Nordrhein-Westfalen;22
3678;BÃ_So;Sachsen;8
3679;FDP;Hamburg;4
3680;PIRATEN;Niedersachsen;6
3681;Die PARTEI;Bremen;3
3682;DIE VIOLETTEN;Bayern;36
3684;SPD;Bayern;42
3685;FDP;Baden-WÃ_rttemberg;24
3687;VERNUNFT;Nordrhein-Westfalen;9
3688;CSU;Bayern;7
3689;PIRATEN;Schleswig-Holstein;3
3690;pro Deutschland;Rheinland-Pfalz;4
3691;DIE LINKE;Sachsen-Anhalt;1
3693;FDP;Baden-WÃ_rttemberg;6
3695;MLPD;Sachsen;1
3698;CDU;Hessen;37
3699;SPD;Bayern;25
3700;CDU;Schleswig-Holstein;29
3701;GRÃœNE;Rheinland-Pfalz;14
3702;Die PARTEI;Bremen;6
3703;PIRATEN;Niedersachsen;16
3704;FDP;Hessen;39
3705;AfD;Nordrhein-Westfalen;25
3706;FREIE WÃ„HLER;Hessen;15
3707;FREIE WÃ„HLER;Niedersachsen;3
3708;PIRATEN;ThÃ_ringen;7
3712;Die PARTEI;Berlin;39
3713;FDP;Bayern;15
3714;CDU;Sachsen-Anhalt;8
3718;FREIE WÃ„HLER;Bayern;19
3719;Ã–DP;Bayern;25
3720;FDP;Bayern;9
3721;VERNUNFT;Baden-WÃ_rttemberg;8
3722;FREIE WÃ„HLER;Bayern;10
3723;AfD;Baden-WÃ_rttemberg;14
3725;GRÃœNE;Nordrhein-Westfalen;27
3727;SPD;Niedersachsen;7
3728;SPD;Nordrhein-Westfalen;23
3729;GRÃœNE;Nordrhein-Westfalen;16
3730;SPD;Bayern;43
3731;FDP;Bayern;43
3732;FREIE WÃ„HLER;Niedersachsen;11
3734;Volksabstimmung;Baden-WÃ_rttemberg;2
3735;Die PARTEI;Nordrhein-Westfalen;26
3736;REP;Mecklenburg-Vorpommern;1
3737;FREIE WÃ„HLER;Bayern;33
3738;DIE LINKE;Baden-WÃ_rttemberg;15
3739;SPD;Niedersachsen;8
3740;CDU;Hessen;41
3741;PIRATEN;ThÃ_ringen;8
3742;FDP;Bremen;1
3743;AfD;Bayern;14
3744;VERNUNFT;Bayern;9
3745;AfD;Berlin;8
3746;CDU;Rheinland-Pfalz;30
3747;GRÃœNE;Berlin;7
3748;BÃ_So;Hessen;8
3749;FREIE WÃ„HLER;Nordrhein-Westfalen;1
3750;Die PARTEI;Berlin;31
3751;Ã–DP;Nordrhein-Westfalen;16
3752;SPD;Bayern;18
3755;GRÃœNE;Bayern;20
3756;AfD;Schleswig-Holstein;4
3758;AfD;Berlin;1
3759;Tierschutzpartei;Bayern;6
3760;CDU;Schleswig-Holstein;21
3761;AfD;Brandenburg;8
3762;CDU;Baden-WÃ_rttemberg;38
3763;FDP;Hessen;4
3765;REP;Bayern;28
3766;REP;Bayern;39
3768;REP;ThÃ_ringen;1
3769;CDU;ThÃ_ringen;6
3770;REP;Bayern;2
3771;PIRATEN;Baden-WÃ_rttemberg;7
3772;NPD;Schleswig-Holstein;1
3773;pro Deutschland;Hessen;2
3774;CDU;Berlin;4
3775;FREIE WÃ„HLER;Baden-WÃ_rttemberg;23
3776;Die PARTEI;Hessen;3
3777;SPD;Mecklenburg-Vorpommern;1
3778;CSU;Bayern;18
3779;CDU;Niedersachsen;27
3781;REP;Bayern;27
3782;CSU;Bayern;48
3784;MLPD;Hessen;5
3785;NPD;Brandenburg;9
3786;FDP;Nordrhein-Westfalen;9
3787;FDP;Brandenburg;7
3788;CDU;Mecklenburg-Vorpommern;6
3789;PIRATEN;Nordrhein-Westfalen;14
3790;CDU;Hessen;5
3792;SPD;Niedersachsen;47
3793;SPD;Nordrhein-Westfalen;1
3794;CDU;Brandenburg;9
3795;GRÃœNE;Niedersachsen;10
3796;CDU;Schleswig-Holstein;25
3797;VERNUNFT;Bayern;18
3799;FDP;Nordrhein-Westfalen;22
3800;PIRATEN;Niedersachsen;5
3801;pro Deutschland;Baden-WÃ_rttemberg;2
3802;CDU;Rheinland-Pfalz;16
3803;GRÃœNE;Bayern;41
3804;CDU;Niedersachsen;40
3806;DIE LINKE;ThÃ_ringen;1
3807;Volksabstimmung;Baden-WÃ_rttemberg;3
3809;SPD;Brandenburg;1
3810;Die PARTEI;Berlin;13
3812;FDP;Nordrhein-Westfalen;58
3813;PIRATEN;Hessen;7
3814;PIRATEN;Niedersachsen;8
3815;pro Deutschland;Sachsen-Anhalt;5
3816;PIRATEN;Nordrhein-Westfalen;19
3817;GRÃœNE;Schleswig-Holstein;10
3820;GRÃœNE;Rheinland-Pfalz;8
3821;AfD;Bayern;25
3822;CDU;Sachsen-Anhalt;10
3824;CDU;Sachsen-Anhalt;5
3827;Die PARTEI;Hamburg;12
3828;FREIE WÃ„HLER;Baden-WÃ_rttemberg;6
3830;MLPD;Rheinland-Pfalz;1
3831;CDU;Nordrhein-Westfalen;50
3832;FDP;Nordrhein-Westfalen;32
3833;GRÃœNE;Schleswig-Holstein;11
3836;AfD;Bayern;3
3838;Die PARTEI;Hamburg;7
3839;CDU;Hessen;38
3843;CDU;Hessen;24
3844;GRÃœNE;Saarland;2
3845;AfD;Berlin;2
3846;CDU;Schleswig-Holstein;4
3848;AfD;Hamburg;5
3850;SPD;Nordrhein-Westfalen;11
3854;CSU;Bayern;52
3855;CSU;Bayern;35
3857;REP;Bayern;20
3858;REP;Bayern;14
3859;FREIE WÃ„HLER;Nordrhein-Westfalen;7
3861;GRÃœNE;Hessen;6
3862;CDU;Mecklenburg-Vorpommern;5
3863;Die PARTEI;Nordrhein-Westfalen;39
3864;BÃ_So;Bayern;3
3865;FREIE WÃ„HLER;Niedersachsen;9
3866;BÃ_So;Berlin;19
3867;CDU;Schleswig-Holstein;10
3868;CDU;Baden-WÃ_rttemberg;5
3872;FDP;Baden-WÃ_rttemberg;12
3873;CDU;Nordrhein-Westfalen;18
3874;GRÃœNE;Nordrhein-Westfalen;26
3875;FDP;Bayern;45
3877;DIE LINKE;Brandenburg;7
3878;CDU;Brandenburg;1
3879;DIE LINKE;Nordrhein-Westfalen;26
3881;FDP;Bayern;35
3882;GRÃœNE;Baden-WÃ_rttemberg;15
3883;NPD;Berlin;5
3884;AfD;Saarland;2
3886;SPD;Baden-WÃ_rttemberg;24
3887;BÃ_So;Bayern;11
3888;FREIE WÃ„HLER;Mecklenburg-Vorpommern;6
3890;CDU;Schleswig-Holstein;6
3891;AfD;Niedersachsen;13
3892;BP;Bayern;5
3893;FREIE WÃ„HLER;Bayern;14
3894;AfD;Nordrhein-Westfalen;34
3896;NPD;Mecklenburg-Vorpommern;5
3897;DIE LINKE;Nordrhein-Westfalen;17
3899;FDP;Bayern;12
3900;VERNUNFT;Baden-WÃ_rttemberg;4
3902;NPD;Sachsen;2
3903;SPD;Nordrhein-Westfalen;49
3904;SPD;Niedersachsen;24
3905;DIE LINKE;Brandenburg;3
3907;CSU;Bayern;65
3908;CDU;Schleswig-Holstein;24
3909;BIG;Berlin;7
3910;DIE LINKE;Berlin;6
3911;BIG;Berlin;2
3912;DIE LINKE;Berlin;8
3913;FREIE WÃ„HLER;ThÃ_ringen;1
3914;AfD;Bremen;5
3916;CDU;Hessen;10
3917;SPD;Bayern;14
3919;DIE LINKE;ThÃ_ringen;4
3920;CDU;Mecklenburg-Vorpommern;12
3921;GRÃœNE;Mecklenburg-Vorpommern;1
3922;FDP;Nordrhein-Westfalen;24
3928;Die PARTEI;Nordrhein-Westfalen;6
3929;VERNUNFT;Nordrhein-Westfalen;7
3930;Ã–DP;Rheinland-Pfalz;25
3931;NPD;Mecklenburg-Vorpommern;8
3932;PIRATEN;Rheinland-Pfalz;1
3933;CDU;Saarland;22
3934;SPD;Saarland;12
3935;SPD;Nordrhein-Westfalen;54
3936;FREIE WÃ„HLER;Nordrhein-Westfalen;4
3937;FDP;Berlin;6
3938;FDP;Niedersachsen;24
3939;FDP;Hessen;22
3941;NPD;Nordrhein-Westfalen;7
3943;SPD;Schleswig-Holstein;10
3944;SPD;Schleswig-Holstein;5
3945;PIRATEN;Baden-WÃ_rttemberg;14
3946;VERNUNFT;Bayern;16
3947;FDP;Bayern;20
3948;Ã–DP;Rheinland-Pfalz;16
3950;AfD;Rheinland-Pfalz;11
3951;AfD;Schleswig-Holstein;6
3952;FREIE WÃ„HLER;Schleswig-Holstein;4
3953;DIE VIOLETTEN;Bayern;2
3954;BÃ_So;Sachsen;3
3955;VERNUNFT;Baden-WÃ_rttemberg;11
3956;MLPD;Saarland;3
3957;PIRATEN;Sachsen-Anhalt;1
3958;SPD;Sachsen;3
3960;FDP;Hessen;29
3961;Die PARTEI;Berlin;28
3962;Die PARTEI;Hamburg;2
3963;AfD;Niedersachsen;17
3964;CDU;ThÃ_ringen;2
3965;AfD;Sachsen;7
3966;CDU;Hessen;43
3967;SPD;Nordrhein-Westfalen;52
3968;CDU;Nordrhein-Westfalen;37
3970;DIE LINKE;Schleswig-Holstein;7
3971;DIE VIOLETTEN;Bayern;25
3972;BÃ_So;Berlin;6
3973;Ã–DP;Bayern;26
3974;VERNUNFT;Bayern;5
3975;FREIE WÃ„HLER;Bremen;2
3976;GRÃœNE;Hamburg;6
3977;FDP;Nordrhein-Westfalen;16
3980;GRÃœNE;Hessen;13
3981;NPD;Berlin;3
3983;FDP;Niedersachsen;6
3985;BÃ_So;Berlin;2
3986;FDP;Baden-WÃ_rttemberg;5
3987;PBC;Niedersachsen;2
3989;AfD;Sachsen;9
3990;pro Deutschland;Sachsen;4
3991;FREIE WÃ„HLER;Baden-WÃ_rttemberg;5
3992;SPD;Bayern;11
3993;SPD;Hessen;28
3994;AfD;Saarland;1
3995;AfD;Nordrhein-Westfalen;40
3996;AfD;Schleswig-Holstein;1
3998;CDU;Rheinland-Pfalz;38
3999;MLPD;Sachsen-Anhalt;10
4000;GRÃœNE;Saarland;1
4001;CDU;Hessen;39
4002;GRÃœNE;Niedersachsen;2
4003;GRÃœNE;Sachsen;10
4005;SPD;Niedersachsen;48
4007;DIE LINKE;Sachsen;4
4009;FREIE WÃ„HLER;Sachsen-Anhalt;6
4010;Die PARTEI;Berlin;49
4011;CDU;Hessen;26
4012;Ã–DP;Baden-WÃ_rttemberg;10
4013;pro Deutschland;Bremen;3
4014;pro Deutschland;Niedersachsen;4
4015;DIE LINKE;Niedersachsen;7
4016;FDP;Niedersachsen;18
4017;Ã–DP;Baden-WÃ_rttemberg;18
4018;SPD;Bayern;38
4019;DIE LINKE;Rheinland-Pfalz;7
4022;CSU;Bayern;17
4023;CDU;Saarland;5
4024;PBC;Baden-WÃ_rttemberg;4
4025;CSU;Bayern;26
4027;Die PARTEI;Berlin;12
4028;REP;Bayern;29
4029;DIE LINKE;Rheinland-Pfalz;1
4031;FREIE WÃ„HLER;Niedersachsen;4
4032;BIG;Nordrhein-Westfalen;8
4033;PIRATEN;Sachsen;9
4034;SPD;Bayern;37
4036;AfD;Rheinland-Pfalz;15
4037;DIE LINKE;Saarland;2
4038;GRÃœNE;Nordrhein-Westfalen;37
4039;PIRATEN;Baden-WÃ_rttemberg;6
4040;FDP;Nordrhein-Westfalen;37
4041;CDU;Sachsen;2
4042;Ã–DP;Bayern;27
4044;Die PARTEI;Berlin;4
4045;FDP;Hessen;34
4046;PSG;Berlin;2
4047;SPD;Hessen;3
4048;CDU;Hessen;20
4049;GRÃœNE;Niedersachsen;3
4050;Die PARTEI;Nordrhein-Westfalen;49
4052;PIRATEN;Nordrhein-Westfalen;2
4053;DIE LINKE;Bayern;18
4054;FDP;Sachsen;7
4055;GRÃœNE;Niedersachsen;9
4056;CDU;Nordrhein-Westfalen;58
4057;CDU;Hessen;18
4058;CDU;Niedersachsen;24
4059;AfD;Hessen;5
4060;SPD;Sachsen;10
4061;FDP;Bayern;10
4063;MLPD;Baden-WÃ_rttemberg;16
4064;SPD;Nordrhein-Westfalen;58
4065;DIE LINKE;Brandenburg;9
4066;AfD;Niedersachsen;16
4067;AfD;Rheinland-Pfalz;8
4069;SPD;Sachsen;8
4070;FDP;Nordrhein-Westfalen;10
4071;CDU;ThÃ_ringen;3
4073;CDU;Baden-WÃ_rttemberg;40
4074;DIE LINKE;Nordrhein-Westfalen;7
4076;Ã–DP;ThÃ_ringen;10
4077;Ã–DP;ThÃ_ringen;2
4079;SPD;Baden-WÃ_rttemberg;6
4081;PIRATEN;Brandenburg;6
4082;FREIE WÃ„HLER;Sachsen-Anhalt;13
4083;NPD;Berlin;1
4085;GRÃœNE;Bayern;33
4086;FDP;Bayern;16
4088;FDP;Berlin;7
4089;FREIE WÃ„HLER;Schleswig-Holstein;5
4090;FREIE WÃ„HLER;Hessen;10
4091;CDU;Nordrhein-Westfalen;26
4092;SPD;Baden-WÃ_rttemberg;35
4093;FREIE WÃ„HLER;Sachsen-Anhalt;16
4094;SPD;Bayern;29
4097;DIE LINKE;Niedersachsen;5
4098;MLPD;Mecklenburg-Vorpommern;3
4099;CDU;Nordrhein-Westfalen;34
4100;CDU;Brandenburg;4
4101;CDU;Sachsen-Anhalt;9
4103;FREIE WÃ„HLER;Berlin;6
4105;CDU;Schleswig-Holstein;1
4106;AfD;Bayern;1
4107;CDU;Rheinland-Pfalz;27
4108;AfD;Nordrhein-Westfalen;29
4109;GRÃœNE;Bayern;42
4111;DIE LINKE;Nordrhein-Westfalen;1
4112;SPD;Schleswig-Holstein;16
4113;DIE LINKE;Bayern;8
4114;GRÃœNE;Schleswig-Holstein;4
4115;GRÃœNE;Hessen;7
4116;GRÃœNE;Bayern;9
4117;SPD;Bremen;5
4118;Ã–DP;Baden-WÃ_rttemberg;17
4119;FREIE WÃ„HLER;Schleswig-Holstein;3
4121;MLPD;ThÃ_ringen;6
4122;REP;Bayern;26
4123;FDP;Nordrhein-Westfalen;51
4124;FREIE WÃ„HLER;Hamburg;2
4125;AfD;Baden-WÃ_rttemberg;18
4126;NPD;Sachsen-Anhalt;1
4129;NPD;Bayern;5
4130;MLPD;Brandenburg;1
4132;SPD;Brandenburg;14
4134;CSU;Bayern;56
4135;DIE VIOLETTEN;Bayern;16
4137;NPD;Rheinland-Pfalz;2
4138;GRÃœNE;Bayern;7
4139;SPD;ThÃ_ringen;13
4141;AfD;Mecklenburg-Vorpommern;4
4142;AfD;Niedersachsen;18
4143;CDU;Nordrhein-Westfalen;56
4144;Ã–DP;ThÃ_ringen;3
4145;AfD;Bayern;28
4147;AfD;Saarland;3
4148;CDU;Baden-WÃ_rttemberg;14
4150;pro Deutschland;Berlin;4
4151;pro Deutschland;Sachsen;5
4153;FDP;Nordrhein-Westfalen;57
4154;pro Deutschland;Brandenburg;4
4156;DIE LINKE;Berlin;5
4159;FAMILIE;Saarland;6
4160;BÃ_So;Berlin;5
4162;BP;Bayern;23
4163;Ã–DP;Baden-WÃ_rttemberg;15
4164;SPD;Rheinland-Pfalz;9
4165;PIRATEN;Saarland;6
4166;CDU;Sachsen-Anhalt;12
4167;FDP;Rheinland-Pfalz;5
4170;AfD;Hessen;4
4171;PIRATEN;Niedersachsen;3
4174;CDU;Rheinland-Pfalz;40
4175;NPD;Nordrhein-Westfalen;5
4176;SPD;Baden-WÃ_rttemberg;34
4177;FDP;Bremen;3
4178;FDP;Rheinland-Pfalz;4
4179;FREIE WÃ„HLER;Rheinland-Pfalz;1
4181;SPD;Niedersachsen;29
4182;FREIE WÃ„HLER;Sachsen-Anhalt;7
4183;CDU;Berlin;2
4184;FREIE WÃ„HLER;Bayern;32
4185;Die PARTEI;Nordrhein-Westfalen;4
4186;Die PARTEI;Nordrhein-Westfalen;7
4188;MLPD;Baden-WÃ_rttemberg;1
4189;FREIE WÃ„HLER;Sachsen-Anhalt;2
4190;SPD;Brandenburg;10
4191;Ã–DP;Rheinland-Pfalz;10
4192;MLPD;Sachsen-Anhalt;11
4193;Ã–DP;ThÃ_ringen;16
4194;MLPD;Baden-WÃ_rttemberg;14
4197;MLPD;Brandenburg;2
4198;FREIE WÃ„HLER;Rheinland-Pfalz;7
4199;PIRATEN;Nordrhein-Westfalen;3
4200;CDU;ThÃ_ringen;8
4202;DIE LINKE;Bayern;4
4203;CDU;Hamburg;1
4204;AfD;Rheinland-Pfalz;13
4205;FDP;Schleswig-Holstein;6
4206;Ã–DP;Baden-WÃ_rttemberg;29
4207;GRÃœNE;Baden-WÃ_rttemberg;13
4209;FDP;Bayern;19
4210;NPD;Nordrhein-Westfalen;8
4212;CSU;Bayern;19
4214;NPD;Brandenburg;10
4215;GRÃœNE;Hessen;10
4216;REP;Nordrhein-Westfalen;9
4217;AfD;Nordrhein-Westfalen;13
4218;FDP;Hessen;12
4220;AfD;Bayern;41
4221;CDU;Nordrhein-Westfalen;21
4223;FDP;Sachsen;12
4224;FREIE WÃ„HLER;Sachsen-Anhalt;9
4225;FDP;Nordrhein-Westfalen;48
4226;CDU;Baden-WÃ_rttemberg;35
4227;FDP;Niedersachsen;14
4230;NPD;Mecklenburg-Vorpommern;3
4231;CDU;Baden-WÃ_rttemberg;6
4232;DIE VIOLETTEN;Bayern;18
4233;CDU;Rheinland-Pfalz;29
4234;CDU;Berlin;3
4235;CDU;Nordrhein-Westfalen;62
4236;FREIE WÃ„HLER;Rheinland-Pfalz;12
4237;SPD;Brandenburg;7
4238;GRÃœNE;Rheinland-Pfalz;15
4240;CDU;Sachsen;11
4241;AfD;Schleswig-Holstein;14
4244;REP;Bayern;16
4245;REP;Bayern;42
4246;FDP;Niedersachsen;10
4248;PIRATEN;Rheinland-Pfalz;13
4249;FREIE WÃ„HLER;Rheinland-Pfalz;21
4252;PIRATEN;Rheinland-Pfalz;14
4254;DIE LINKE;Rheinland-Pfalz;2
4255;Die PARTEI;Berlin;5
4256;Die PARTEI;Hessen;7
4257;pro Deutschland;Bayern;1
4258;Die PARTEI;Hessen;11
4259;GRÃœNE;ThÃ_ringen;10
4260;FDP;Baden-WÃ_rttemberg;33
4261;SPD;Niedersachsen;56
4262;MLPD;Sachsen;7
4264;FREIE WÃ„HLER;Mecklenburg-Vorpommern;2
4265;Tierschutzpartei;Bayern;4
4266;MLPD;Nordrhein-Westfalen;8
4267;FDP;Nordrhein-Westfalen;40
4268;CDU;Baden-WÃ_rttemberg;18
4269;FDP;Nordrhein-Westfalen;1
4270;SPD;Niedersachsen;21
4271;CDU;Hessen;21
4272;FDP;Baden-WÃ_rttemberg;23
4273;GRÃœNE;Sachsen-Anhalt;3
4274;GRÃœNE;Bayern;49
4279;CDU;Hessen;9
4280;Die PARTEI;Bremen;4
4281;SPD;Brandenburg;4
4282;CDU;Baden-WÃ_rttemberg;4
4284;FREIE WÃ„HLER;Hamburg;1
4285;MLPD;Sachsen-Anhalt;8
4286;FREIE WÃ„HLER;ThÃ_ringen;10
4287;DIE LINKE;Hessen;11
4288;AfD;Hessen;9
4289;SPD;Nordrhein-Westfalen;33
4290;NPD;ThÃ_ringen;1
4291;Die PARTEI;Nordrhein-Westfalen;13
4292;SPD;Nordrhein-Westfalen;25
4293;AfD;Brandenburg;12
4294;CDU;Baden-WÃ_rttemberg;11
4295;SPD;Rheinland-Pfalz;30
4297;Ã–DP;Bayern;1
4298;PIRATEN;Mecklenburg-Vorpommern;1
4299;AfD;Schleswig-Holstein;11
4300;CDU;Baden-WÃ_rttemberg;42
4301;Ã–DP;ThÃ_ringen;5
4302;PIRATEN;Bayern;24
4304;FDP;Hessen;36
4306;RENTNER;Hamburg;6
4307;Die PARTEI;Berlin;14
4308;CDU;Hessen;15
4309;GRÃœNE;Schleswig-Holstein;3
4310;NPD;Rheinland-Pfalz;10
4314;FDP;Rheinland-Pfalz;11
4316;CDU;Nordrhein-Westfalen;6
4317;AfD;Berlin;6
4318;Die PARTEI;Hamburg;10
4319;GRÃœNE;Rheinland-Pfalz;4
4320;FREIE WÃ„HLER;Bayern;40
4322;VERNUNFT;Bayern;8
4323;SPD;Niedersachsen;50
4324;CDU;Baden-WÃ_rttemberg;26
4325;BÃ_ndnis21/RRP;Bayern;4
4327;REP;Nordrhein-Westfalen;14
4329;SPD;Nordrhein-Westfalen;39
4330;FREIE WÃ„HLER;Nordrhein-Westfalen;10
4331;REP;Baden-WÃ_rttemberg;12
4333;FDP;Rheinland-Pfalz;1
4334;CDU;Baden-WÃ_rttemberg;29
4335;CDU;Hessen;30
4336;DIE LINKE;Bayern;20
4337;SPD;Sachsen;11
4338;Volksabstimmung;Nordrhein-Westfalen;12
4339;BÃ_ndnis21/RRP;Nordrhein-Westfalen;3
4340;Ã–DP;Rheinland-Pfalz;22
4341;CDU;Nordrhein-Westfalen;10
4342;PBC;Baden-WÃ_rttemberg;1
4343;AfD;Nordrhein-Westfalen;4
4345;CSU;Bayern;8
4346;FDP;Brandenburg;6
4348;MLPD;Nordrhein-Westfalen;18
4349;REP;Rheinland-Pfalz;5
4350;CDU;Sachsen-Anhalt;11
4351;DIE LINKE;Brandenburg;5
4353;CDU;Baden-WÃ_rttemberg;51
4354;DIE LINKE;Mecklenburg-Vorpommern;9
4355;DIE FRAUEN;Bayern;7
4356;AfD;ThÃ_ringen;3
4357;Volksabstimmung;Nordrhein-Westfalen;8
4358;GRÃœNE;Baden-WÃ_rttemberg;27
4359;FDP;Baden-WÃ_rttemberg;16
4360;FDP;Schleswig-Holstein;9
4363;FREIE WÃ„HLER;Baden-WÃ_rttemberg;22
4364;FREIE WÃ„HLER;Brandenburg;1
4365;FDP;Baden-WÃ_rttemberg;3
4366;SPD;Sachsen-Anhalt;2
4367;SPD;Sachsen;16
4370;CDU;Niedersachsen;29
4371;PIRATEN;Sachsen-Anhalt;7
4372;PIRATEN;Nordrhein-Westfalen;5
4373;FDP;Nordrhein-Westfalen;36
4374;CSU;Bayern;47
4375;AfD;Niedersachsen;20
4376;NPD;Hamburg;1
4377;DIE LINKE;Sachsen;6
4378;FREIE WÃ„HLER;Rheinland-Pfalz;20
4379;AfD;Bayern;36
4381;PIRATEN;Hessen;5
4382;BIG;Nordrhein-Westfalen;1
4383;SPD;Saarland;9
4384;SPD;Nordrhein-Westfalen;12
4385;SPD;Sachsen;9
4388;BP;Bayern;19
4389;MLPD;Sachsen;5
4390;GRÃœNE;Sachsen;3
4391;AfD;Rheinland-Pfalz;26
4393;SPD;Nordrhein-Westfalen;48
4395;NPD;Brandenburg;3
4396;DIE LINKE;Nordrhein-Westfalen;8
4397;GRÃœNE;Hessen;14
4398;CSU;Bayern;33
4404;FREIE WÃ„HLER;Sachsen;3
4406;AfD;Baden-WÃ_rttemberg;11
4407;NPD;ThÃ_ringen;7
4408;DIE FRAUEN;Bayern;3
4409;Ã–DP;Bayern;28
4410;FREIE WÃ„HLER;Bayern;18
4411;Tierschutzpartei;Bremen;1
4412;SPD;Rheinland-Pfalz;27
4413;CDU;Niedersachsen;39
4414;BÃ_So;Berlin;1
4415;CDU;Nordrhein-Westfalen;48
4416;Tierschutzpartei;Schleswig-Holstein;4
4417;CSU;Bayern;21
4418;SPD;Brandenburg;2
4419;MLPD;Bayern;14
4420;MLPD;Bayern;6
4421;SPD;Brandenburg;5
4423;GRÃœNE;Berlin;6
4424;PIRATEN;Bayern;28
4426;GRÃœNE;Bayern;24
4427;FDP;ThÃ_ringen;9
4428;CDU;Hessen;17
4430;SPD;ThÃ_ringen;11
4431;SPD;Hessen;15
4433;BÃ_So;Nordrhein-Westfalen;4
4434;CDU;Berlin;9
4435;NPD;Mecklenburg-Vorpommern;10
4436;DIE LINKE;Niedersachsen;3
4437;DIE LINKE;Sachsen;7
4438;PSG;Nordrhein-Westfalen;2
4439;FREIE WÃ„HLER;Bayern;25
4440;BP;Bayern;4
4442;SPD;Nordrhein-Westfalen;41
4443;Die PARTEI;Berlin;33
4444;CSU;Bayern;40
4445;REP;Baden-WÃ_rttemberg;14
4446;MLPD;Brandenburg;5
4447;AfD;Bayern;23
4449;DIE LINKE;Nordrhein-Westfalen;15
4450;BÃ_So;Bayern;1
4451;SPD;Hessen;4